date,year,quarter,country,currency,inflation_yoy,policy_rate,gdp_growth,current_account_gdp,reserves_months_imports,external_debt_gdp,remittances_gdp,imports_gdp,trade_openness,unemployment,source
2015-01-01,2015,2015Q1,Brazil,BRL,0.0902990102416136,0.1175,-0.035457633934727804,-0.035183920728161,6.5,0.307299282835538,0.0016074190786565402,0.140534345185884,0.290534345185884,0.08538,world_bank_api
2015-04-01,2015,2015Q2,Brazil,BRL,0.0902990102416136,0.1175,-0.035457633934727804,-0.035183920728161,6.5,0.307299282835538,0.0016074190786565402,0.140534345185884,0.290534345185884,0.08538,world_bank_api
2015-07-01,2015,2015Q3,Brazil,BRL,0.0902990102416136,0.1175,-0.035457633934727804,-0.035183920728161,6.5,0.307299282835538,0.0016074190786565402,0.140534345185884,0.290534345185884,0.08538,world_bank_api
2015-10-01,2015,2015Q4,Brazil,BRL,0.0902990102416136,0.1175,-0.035457633934727804,-0.035183920728161,6.5,0.307299282835538,0.0016074190786565402,0.140534345185884,0.290534345185884,0.08538,world_bank_api
2016-01-01,2016,2016Q1,Brazil,BRL,0.0873914352329393,0.1175,-0.032759169063211,-0.0170011360207642,6.5,0.30909087346764197,0.0015257541911344798,0.120670030342632,0.270670030342632,0.1158,world_bank_api
2016-04-01,2016,2016Q2,Brazil,BRL,0.0873914352329393,0.1175,-0.032759169063211,-0.0170011360207642,6.5,0.30909087346764197,0.0015257541911344798,0.120670030342632,0.270670030342632,0.1158,world_bank_api
2016-07-01,2016,2016Q3,Brazil,BRL,0.0873914352329393,0.1175,-0.032759169063211,-0.0170011360207642,6.5,0.30909087346764197,0.0015257541911344798,0.120670030342632,0.270670030342632,0.1158,world_bank_api
2016-10-01,2016,2016Q4,Brazil,BRL,0.0873914352329393,0.1175,-0.032759169063211,-0.0170011360207642,6.5,0.30909087346764197,0.0015257541911344798,0.120670030342632,0.270670030342632,0.1158,world_bank_api
2017-01-01,2017,2017Q1,Brazil,BRL,0.0344637335032669,0.1175,0.0132286905390815,-0.0122429942889483,6.5,0.268156664558868,0.00130785143710407,0.11800766503667001,0.26800766503667,0.12792,world_bank_api
2017-04-01,2017,2017Q2,Brazil,BRL,0.0344637335032669,0.1175,0.0132286905390815,-0.0122429942889483,6.5,0.268156664558868,0.00130785143710407,0.11800766503667001,0.26800766503667,0.12792,world_bank_api
2017-07-01,2017,2017Q3,Brazil,BRL,0.0344637335032669,0.1175,0.0132286905390815,-0.0122429942889483,6.5,0.268156664558868,0.00130785143710407,0.11800766503667001,0.26800766503667,0.12792,world_bank_api
2017-10-01,2017,2017Q4,Brazil,BRL,0.0344637335032669,0.1175,0.0132286905390815,-0.0122429942889483,6.5,0.268156664558868,0.00130785143710407,0.11800766503667001,0.26800766503667,0.12792,world_bank_api
2018-01-01,2018,2018Q1,Brazil,BRL,0.0366485028376728,0.1175,0.0178366676137003,-0.0280752036371843,6.5,0.299289604206331,0.00153030293312066,0.142412038802734,0.29241203880273403,0.12329000000000001,world_bank_api
2018-04-01,2018,2018Q2,Brazil,BRL,0.0366485028376728,0.1175,0.0178366676137003,-0.0280752036371843,6.5,0.299289604206331,0.00153030293312066,0.142412038802734,0.29241203880273403,0.12329000000000001,world_bank_api
2018-07-01,2018,2018Q3,Brazil,BRL,0.0366485028376728,0.1175,0.0178366676137003,-0.0280752036371843,6.5,0.299289604206331,0.00153030293312066,0.142412038802734,0.29241203880273403,0.12329000000000001,world_bank_api
2018-10-01,2018,2018Q4,Brazil,BRL,0.0366485028376728,0.1175,0.0178366676137003,-0.0280752036371843,6.5,0.299289604206331,0.00153030293312066,0.142412038802734,0.29241203880273403,0.12329000000000001,world_bank_api
2019-01-01,2019,2019Q1,Brazil,BRL,0.0373297621216893,0.1175,0.012207778227194299,-0.0341429111497121,6.5,0.311964144613097,0.0017154977794245699,0.147673386788259,0.297673386788259,0.11936,world_bank_api
2019-04-01,2019,2019Q2,Brazil,BRL,0.0373297621216893,0.1175,0.012207778227194299,-0.0341429111497121,6.5,0.311964144613097,0.0017154977794245699,0.147673386788259,0.297673386788259,0.11936,world_bank_api
2019-07-01,2019,2019Q3,Brazil,BRL,0.0373297621216893,0.1175,0.012207778227194299,-0.0341429111497121,6.5,0.311964144613097,0.0017154977794245699,0.147673386788259,0.297673386788259,0.11936,world_bank_api
2019-10-01,2019,2019Q4,Brazil,BRL,0.0373297621216893,0.1175,0.012207778227194299,-0.0341429111497121,6.5,0.311964144613097,0.0017154977794245699,0.147673386788259,0.297673386788259,0.11936,world_bank_api
2020-01-01,2020,2020Q1,Brazil,BRL,0.0321176803803376,0.1175,-0.0327675879612903,-0.0164103535066212,6.5,0.380076646022397,0.0024159622118531503,0.158485265343782,0.30848526534378196,0.13696999999999998,world_bank_api
2020-04-01,2020,2020Q2,Brazil,BRL,0.0321176803803376,0.1175,-0.0327675879612903,-0.0164103535066212,6.5,0.380076646022397,0.0024159622118531503,0.158485265343782,0.30848526534378196,0.13696999999999998,world_bank_api
2020-07-01,2020,2020Q3,Brazil,BRL,0.0321176803803376,0.1175,-0.0327675879612903,-0.0164103535066212,6.5,0.380076646022397,0.0024159622118531503,0.158485265343782,0.30848526534378196,0.13696999999999998,world_bank_api
2020-10-01,2020,2020Q4,Brazil,BRL,0.0321176803803376,0.1175,-0.0327675879612903,-0.0164103535066212,6.5,0.380076646022397,0.0024159622118531503,0.158485265343782,0.30848526534378196,0.13696999999999998,world_bank_api
2021-01-01,2021,2021Q1,Brazil,BRL,0.08301659755856731,0.1175,0.047626043797061,-0.0235822088025659,6.5,0.35291013187897297,0.00245534634681336,0.185469003905612,0.33546900390561196,0.13158,world_bank_api
2021-04-01,2021,2021Q2,Brazil,BRL,0.08301659755856731,0.1175,0.047626043797061,-0.0235822088025659,6.5,0.35291013187897297,0.00245534634681336,0.185469003905612,0.33546900390561196,0.13158,world_bank_api
2021-07-01,2021,2021Q3,Brazil,BRL,0.08301659755856731,0.1175,0.047626043797061,-0.0235822088025659,6.5,0.35291013187897297,0.00245534634681336,0.185469003905612,0.33546900390561196,0.13158,world_bank_api
2021-10-01,2021,2021Q4,Brazil,BRL,0.08301659755856731,0.1175,0.047626043797061,-0.0235822088025659,6.5,0.35291013187897297,0.00245534634681336,0.185469003905612,0.33546900390561196,0.13158,world_bank_api
2022-01-01,2022,2022Q1,Brazil,BRL,0.09280106089568721,0.1175,0.030166943540811203,-0.0214967710619443,6.5,0.30562118163047797,0.00254813156784915,0.19185300972948302,0.341853009729483,0.09231,world_bank_api
2022-04-01,2022,2022Q2,Brazil,BRL,0.09280106089568721,0.1175,0.030166943540811203,-0.0214967710619443,6.5,0.30562118163047797,0.00254813156784915,0.19185300972948302,0.341853009729483,0.09231,world_bank_api
2022-07-01,2022,2022Q3,Brazil,BRL,0.09280106089568721,0.1175,0.030166943540811203,-0.0214967710619443,6.5,0.30562118163047797,0.00254813156784915,0.19185300972948302,0.341853009729483,0.09231,world_bank_api
2022-10-01,2022,2022Q4,Brazil,BRL,0.09280106089568721,0.1175,0.030166943540811203,-0.0214967710619443,6.5,0.30562118163047797,0.00254813156784915,0.19185300972948302,0.341853009729483,0.09231,world_bank_api
2023-01-01,2023,2023Q1,Brazil,BRL,0.045935628228320306,0.1175,0.0324165532813583,-0.012355818266299601,6.5,0.28628650184641,0.00202347517951754,0.156969055268626,0.306969055268626,0.07947,world_bank_api
2023-04-01,2023,2023Q2,Brazil,BRL,0.045935628228320306,0.1175,0.0324165532813583,-0.012355818266299601,6.5,0.28628650184641,0.00202347517951754,0.156969055268626,0.306969055268626,0.07947,world_bank_api
2023-07-01,2023,2023Q3,Brazil,BRL,0.045935628228320306,0.1175,0.0324165532813583,-0.012355818266299601,6.5,0.28628650184641,0.00202347517951754,0.156969055268626,0.306969055268626,0.07947,world_bank_api
2023-10-01,2023,2023Q4,Brazil,BRL,0.045935628228320306,0.1175,0.0324165532813583,-0.012355818266299601,6.5,0.28628650184641,0.00202347517951754,0.156969055268626,0.306969055268626,0.07947,world_bank_api
2024-01-01,2024,2024Q1,Brazil,BRL,0.0436746407652336,0.1175,0.0341931516597739,-0.0302715961462093,6.5,0.286612661075538,0.00224281814146123,0.176459444987261,0.326459444987261,0.06801,world_bank_api
2024-04-01,2024,2024Q2,Brazil,BRL,0.0436746407652336,0.1175,0.0341931516597739,-0.0302715961462093,6.5,0.286612661075538,0.00224281814146123,0.176459444987261,0.326459444987261,0.06801,world_bank_api
2024-07-01,2024,2024Q3,Brazil,BRL,0.0436746407652336,0.1175,0.0341931516597739,-0.0302715961462093,6.5,0.286612661075538,0.00224281814146123,0.176459444987261,0.326459444987261,0.06801,world_bank_api
2024-10-01,2024,2024Q4,Brazil,BRL,0.0436746407652336,0.1175,0.0341931516597739,-0.0302715961462093,6.5,0.286612661075538,0.00224281814146123,0.176459444987261,0.326459444987261,0.06801,world_bank_api
2025-01-01,2025,2025Q1,Brazil,BRL,,0.1175,,,6.5,,,,0.55,0.059699999999999996,world_bank_api
2025-04-01,2025,2025Q2,Brazil,BRL,,0.1175,,,6.5,,,,0.55,0.059699999999999996,world_bank_api
2025-07-01,2025,2025Q3,Brazil,BRL,,0.1175,,,6.5,,,,0.55,0.059699999999999996,world_bank_api
2025-10-01,2025,2025Q4,Brazil,BRL,,0.1175,,,6.5,,,,0.55,0.059699999999999996,world_bank_api
2015-01-01,2015,2015Q1,Colombia,COP,0.049898311584952906,0.13,0.0295590137527523,-0.0637230442230879,5.0,0.39155131242250396,0.0170416576384897,0.227105526089485,0.377105526089485,0.08571999999999999,world_bank_api
2015-04-01,2015,2015Q2,Colombia,COP,0.049898311584952906,0.13,0.0295590137527523,-0.0637230442230879,5.0,0.39155131242250396,0.0170416576384897,0.227105526089485,0.377105526089485,0.08571999999999999,world_bank_api
2015-07-01,2015,2015Q3,Colombia,COP,0.049898311584952906,0.13,0.0295590137527523,-0.0637230442230879,5.0,0.39155131242250396,0.0170416576384897,0.227105526089485,0.377105526089485,0.08571999999999999,world_bank_api
2015-10-01,2015,2015Q4,Colombia,COP,0.049898311584952906,0.13,0.0295590137527523,-0.0637230442230879,5.0,0.39155131242250396,0.0170416576384897,0.227105526089485,0.377105526089485,0.08571999999999999,world_bank_api
2016-01-01,2016,2016Q1,Colombia,COP,0.0751346024627674,0.13,0.0208738250162794,-0.0445195067751588,5.0,0.43236446421860303,0.0183643004865322,0.214855137060045,0.364855137060045,0.08922000000000001,world_bank_api
2016-04-01,2016,2016Q2,Colombia,COP,0.0751346024627674,0.13,0.0208738250162794,-0.0445195067751588,5.0,0.43236446421860303,0.0183643004865322,0.214855137060045,0.364855137060045,0.08922000000000001,world_bank_api
2016-07-01,2016,2016Q3,Colombia,COP,0.0751346024627674,0.13,0.0208738250162794,-0.0445195067751588,5.0,0.43236446421860303,0.0183643004865322,0.214855137060045,0.364855137060045,0.08922000000000001,world_bank_api
2016-10-01,2016,2016Q4,Colombia,COP,0.0751346024627674,0.13,0.0208738250162794,-0.0445195067751588,5.0,0.43236446421860303,0.0183643004865322,0.214855137060045,0.364855137060045,0.08922000000000001,world_bank_api
2017-01-01,2017,2017Q1,Colombia,COP,0.043143132569500996,0.13,0.0135936086788746,-0.0318224191114871,5.0,0.411813299968956,0.0186578764806417,0.201376251940583,0.351376251940583,0.09086,world_bank_api
2017-04-01,2017,2017Q2,Colombia,COP,0.043143132569500996,0.13,0.0135936086788746,-0.0318224191114871,5.0,0.411813299968956,0.0186578764806417,0.201376251940583,0.351376251940583,0.09086,world_bank_api
2017-07-01,2017,2017Q3,Colombia,COP,0.043143132569500996,0.13,0.0135936086788746,-0.0318224191114871,5.0,0.411813299968956,0.0186578764806417,0.201376251940583,0.351376251940583,0.09086,world_bank_api
2017-10-01,2017,2017Q4,Colombia,COP,0.043143132569500996,0.13,0.0135936086788746,-0.0318224191114871,5.0,0.411813299968956,0.0186578764806417,0.201376251940583,0.351376251940583,0.09086,world_bank_api
2018-01-01,2018,2018Q1,Colombia,COP,0.0324056932930569,0.13,0.0256432428277704,-0.0420138344687969,5.0,0.40935302359277004,0.019973413778281598,0.206350331193542,0.356350331193542,0.09359999999999999,world_bank_api
2018-04-01,2018,2018Q2,Colombia,COP,0.0324056932930569,0.13,0.0256432428277704,-0.0420138344687969,5.0,0.40935302359277004,0.019973413778281598,0.206350331193542,0.356350331193542,0.09359999999999999,world_bank_api
2018-07-01,2018,2018Q3,Colombia,COP,0.0324056932930569,0.13,0.0256432428277704,-0.0420138344687969,5.0,0.40935302359277004,0.019973413778281598,0.206350331193542,0.356350331193542,0.09359999999999999,world_bank_api
2018-10-01,2018,2018Q4,Colombia,COP,0.0324056932930569,0.13,0.0256432428277704,-0.0420138344687969,5.0,0.40935302359277004,0.019973413778281598,0.206350331193542,0.356350331193542,0.09359999999999999,world_bank_api
2019-01-01,2019,2019Q1,Colombia,COP,0.0352301932741446,0.13,0.0318685539245533,-0.045842751726605895,5.0,0.440144816213322,0.0220297175864251,0.21690495326714898,0.366904953267149,0.10279999999999999,world_bank_api
2019-04-01,2019,2019Q2,Colombia,COP,0.0352301932741446,0.13,0.0318685539245533,-0.045842751726605895,5.0,0.440144816213322,0.0220297175864251,0.21690495326714898,0.366904953267149,0.10279999999999999,world_bank_api
2019-07-01,2019,2019Q3,Colombia,COP,0.0352301932741446,0.13,0.0318685539245533,-0.045842751726605895,5.0,0.440144816213322,0.0220297175864251,0.21690495326714898,0.366904953267149,0.10279999999999999,world_bank_api
2019-10-01,2019,2019Q4,Colombia,COP,0.0352301932741446,0.13,0.0318685539245533,-0.045842751726605895,5.0,0.440144816213322,0.0220297175864251,0.21690495326714898,0.366904953267149,0.10279999999999999,world_bank_api
2020-01-01,2020,2020Q1,Colombia,COP,0.0252663500084706,0.13,-0.0718591413760859,-0.0342772945914236,5.0,0.5819527642535199,0.0256133478402854,0.20533295408679902,0.355332954086799,0.15983,world_bank_api
2020-04-01,2020,2020Q2,Colombia,COP,0.0252663500084706,0.13,-0.0718591413760859,-0.0342772945914236,5.0,0.5819527642535199,0.0256133478402854,0.20533295408679902,0.355332954086799,0.15983,world_bank_api
2020-07-01,2020,2020Q3,Colombia,COP,0.0252663500084706,0.13,-0.0718591413760859,-0.0342772945914236,5.0,0.5819527642535199,0.0256133478402854,0.20533295408679902,0.355332954086799,0.15983,world_bank_api
2020-10-01,2020,2020Q4,Colombia,COP,0.0252663500084706,0.13,-0.0718591413760859,-0.0342772945914236,5.0,0.5819527642535199,0.0256133478402854,0.20533295408679902,0.355332954086799,0.15983,world_bank_api
2021-01-01,2021,2021Q1,Colombia,COP,0.0349505757399448,0.13,0.10801198190487799,-0.056351694946032,5.0,0.5457025307308571,0.0270254419060708,0.23862140438726398,0.388621404387264,0.13898,world_bank_api
2021-04-01,2021,2021Q2,Colombia,COP,0.0349505757399448,0.13,0.10801198190487799,-0.056351694946032,5.0,0.5457025307308571,0.0270254419060708,0.23862140438726398,0.388621404387264,0.13898,world_bank_api
2021-07-01,2021,2021Q3,Colombia,COP,0.0349505757399448,0.13,0.10801198190487799,-0.056351694946032,5.0,0.5457025307308571,0.0270254419060708,0.23862140438726398,0.388621404387264,0.13898,world_bank_api
2021-10-01,2021,2021Q4,Colombia,COP,0.0349505757399448,0.13,0.10801198190487799,-0.056351694946032,5.0,0.5457025307308571,0.0270254419060708,0.23862140438726398,0.388621404387264,0.13898,world_bank_api
2022-01-01,2022,2022Q1,Colombia,COP,0.101772313546166,0.13,0.07328277294279789,-0.0604054199360168,5.0,0.552901604295775,0.027354220776326002,0.278942871185028,0.42894287118502794,0.10541,world_bank_api
2022-04-01,2022,2022Q2,Colombia,COP,0.101772313546166,0.13,0.07328277294279789,-0.0604054199360168,5.0,0.552901604295775,0.027354220776326002,0.278942871185028,0.42894287118502794,0.10541,world_bank_api
2022-07-01,2022,2022Q3,Colombia,COP,0.101772313546166,0.13,0.07328277294279789,-0.0604054199360168,5.0,0.552901604295775,0.027354220776326002,0.278942871185028,0.42894287118502794,0.10541,world_bank_api
2022-10-01,2022,2022Q4,Colombia,COP,0.101772313546166,0.13,0.07328277294279789,-0.0604054199360168,5.0,0.552901604295775,0.027354220776326002,0.278942871185028,0.42894287118502794,0.10541,world_bank_api
2023-01-01,2023,2023Q1,Colombia,COP,0.117359044948689,0.13,0.00712380031974334,-0.022713986641114,5.0,0.549698144239845,0.027605292901736397,0.22556454086365801,0.375564540863658,0.09591,world_bank_api
2023-04-01,2023,2023Q2,Colombia,COP,0.117359044948689,0.13,0.00712380031974334,-0.022713986641114,5.0,0.549698144239845,0.027605292901736397,0.22556454086365801,0.375564540863658,0.09591,world_bank_api
2023-07-01,2023,2023Q3,Colombia,COP,0.117359044948689,0.13,0.00712380031974334,-0.022713986641114,5.0,0.549698144239845,0.027605292901736397,0.22556454086365801,0.375564540863658,0.09591,world_bank_api
2023-10-01,2023,2023Q4,Colombia,COP,0.117359044948689,0.13,0.00712380031974334,-0.022713986641114,5.0,0.549698144239845,0.027605292901736397,0.22556454086365801,0.375564540863658,0.09591,world_bank_api
2024-01-01,2024,2024Q1,Colombia,COP,0.0660908593728228,0.13,0.015983315366523,-0.0167431987455953,5.0,0.49203869984653104,0.0283493751117081,0.209261699894576,0.359261699894576,0.09619,world_bank_api
2024-04-01,2024,2024Q2,Colombia,COP,0.0660908593728228,0.13,0.015983315366523,-0.0167431987455953,5.0,0.49203869984653104,0.0283493751117081,0.209261699894576,0.359261699894576,0.09619,world_bank_api
2024-07-01,2024,2024Q3,Colombia,COP,0.0660908593728228,0.13,0.015983315366523,-0.0167431987455953,5.0,0.49203869984653104,0.0283493751117081,0.209261699894576,0.359261699894576,0.09619,world_bank_api
2024-10-01,2024,2024Q4,Colombia,COP,0.0660908593728228,0.13,0.015983315366523,-0.0167431987455953,5.0,0.49203869984653104,0.0283493751117081,0.209261699894576,0.359261699894576,0.09619,world_bank_api
2025-01-01,2025,2025Q1,Colombia,COP,,0.13,,,5.0,,,,0.55,0.08289999999999999,world_bank_api
2025-04-01,2025,2025Q2,Colombia,COP,,0.13,,,5.0,,,,0.55,0.08289999999999999,world_bank_api
2025-07-01,2025,2025Q3,Colombia,COP,,0.13,,,5.0,,,,0.55,0.08289999999999999,world_bank_api
2025-10-01,2025,2025Q4,Colombia,COP,,0.13,,,5.0,,,,0.55,0.08289999999999999,world_bank_api
2015-01-01,2015,2015Q1,Germany,EUR,0.005144261371254561,0.04,0.0166300602334775,0.0809671429040111,10.0,,0.004346678500221479,0.351711839535087,0.501711839535087,0.04612,world_bank_api
2015-04-01,2015,2015Q2,Germany,EUR,0.005144261371254561,0.04,0.0166300602334775,0.0809671429040111,10.0,,0.004346678500221479,0.351711839535087,0.501711839535087,0.04612,world_bank_api
2015-07-01,2015,2015Q3,Germany,EUR,0.005144261371254561,0.04,0.0166300602334775,0.0809671429040111,10.0,,0.004346678500221479,0.351711839535087,0.501711839535087,0.04612,world_bank_api
2015-10-01,2015,2015Q4,Germany,EUR,0.005144261371254561,0.04,0.0166300602334775,0.0809671429040111,10.0,,0.004346678500221479,0.351711839535087,0.501711839535087,0.04612,world_bank_api
2016-01-01,2016,2016Q1,Germany,EUR,0.00491747008445174,0.04,0.0222222216259371,0.089023603683727,10.0,,0.00431448396775245,0.343704482647463,0.493704482647463,0.04104,world_bank_api
2016-04-01,2016,2016Q2,Germany,EUR,0.00491747008445174,0.04,0.0222222216259371,0.089023603683727,10.0,,0.00431448396775245,0.343704482647463,0.493704482647463,0.04104,world_bank_api
2016-07-01,2016,2016Q3,Germany,EUR,0.00491747008445174,0.04,0.0222222216259371,0.089023603683727,10.0,,0.00431448396775245,0.343704482647463,0.493704482647463,0.04104,world_bank_api
2016-10-01,2016,2016Q4,Germany,EUR,0.00491747008445174,0.04,0.0222222216259371,0.089023603683727,10.0,,0.00431448396775245,0.343704482647463,0.493704482647463,0.04104,world_bank_api
2017-01-01,2017,2017Q1,Germany,EUR,0.0150949485109628,0.04,0.02797906720551,0.0807873526112888,10.0,,0.00457020297790474,0.352518818760857,0.502518818760857,0.03781,world_bank_api
2017-04-01,2017,2017Q2,Germany,EUR,0.0150949485109628,0.04,0.02797906720551,0.0807873526112888,10.0,,0.00457020297790474,0.352518818760857,0.502518818760857,0.03781,world_bank_api
2017-07-01,2017,2017Q3,Germany,EUR,0.0150949485109628,0.04,0.02797906720551,0.0807873526112888,10.0,,0.00457020297790474,0.352518818760857,0.502518818760857,0.03781,world_bank_api
2017-10-01,2017,2017Q4,Germany,EUR,0.0150949485109628,0.04,0.02797906720551,0.0807873526112888,10.0,,0.00457020297790474,0.352518818760857,0.502518818760857,0.03781,world_bank_api
2018-01-01,2018,2018Q1,Germany,EUR,0.0173216879766941,0.04,0.0113569604599849,0.08437612199022039,10.0,,0.00459956403292382,0.366283346388937,0.516283346388937,0.03384,world_bank_api
2018-04-01,2018,2018Q2,Germany,EUR,0.0173216879766941,0.04,0.0113569604599849,0.08437612199022039,10.0,,0.00459956403292382,0.366283346388937,0.516283346388937,0.03384,world_bank_api
2018-07-01,2018,2018Q3,Germany,EUR,0.0173216879766941,0.04,0.0113569604599849,0.08437612199022039,10.0,,0.00459956403292382,0.366283346388937,0.516283346388937,0.03384,world_bank_api
2018-10-01,2018,2018Q4,Germany,EUR,0.0173216879766941,0.04,0.0113569604599849,0.08437612199022039,10.0,,0.00459956403292382,0.366283346388937,0.516283346388937,0.03384,world_bank_api
2019-01-01,2019,2019Q1,Germany,EUR,0.014456597688825299,0.04,0.00977734697038784,0.0787471222403171,10.0,,0.00463100143375706,0.36732998235932696,0.5173299823593269,0.03163,world_bank_api
2019-04-01,2019,2019Q2,Germany,EUR,0.014456597688825299,0.04,0.00977734697038784,0.0787471222403171,10.0,,0.00463100143375706,0.36732998235932696,0.5173299823593269,0.03163,world_bank_api
2019-07-01,2019,2019Q3,Germany,EUR,0.014456597688825299,0.04,0.00977734697038784,0.0787471222403171,10.0,,0.00463100143375706,0.36732998235932696,0.5173299823593269,0.03163,world_bank_api
2019-10-01,2019,2019Q4,Germany,EUR,0.014456597688825299,0.04,0.00977734697038784,0.0787471222403171,10.0,,0.00463100143375706,0.36732998235932696,0.5173299823593269,0.03163,world_bank_api
2020-01-01,2020,2020Q1,Germany,EUR,0.0014487792581398102,0.04,-0.0413191443239947,0.0634782686016016,10.0,,0.00477487831020722,0.33813725831130903,0.48813725831130905,0.03881,world_bank_api
2020-04-01,2020,2020Q2,Germany,EUR,0.0014487792581398102,0.04,-0.0413191443239947,0.0634782686016016,10.0,,0.00477487831020722,0.33813725831130903,0.48813725831130905,0.03881,world_bank_api
2020-07-01,2020,2020Q3,Germany,EUR,0.0014487792581398102,0.04,-0.0413191443239947,0.0634782686016016,10.0,,0.00477487831020722,0.33813725831130903,0.48813725831130905,0.03881,world_bank_api
2020-10-01,2020,2020Q4,Germany,EUR,0.0014487792581398102,0.04,-0.0413191443239947,0.0634782686016016,10.0,,0.00477487831020722,0.33813725831130903,0.48813725831130905,0.03881,world_bank_api
2021-01-01,2021,2021Q1,Germany,EUR,0.0306666666666673,0.04,0.0390999994204108,0.06920069663753399,10.0,,0.00465094604231552,0.373996969318423,0.523996969318423,0.03594,world_bank_api
2021-04-01,2021,2021Q2,Germany,EUR,0.0306666666666673,0.04,0.0390999994204108,0.06920069663753399,10.0,,0.00465094604231552,0.373996969318423,0.523996969318423,0.03594,world_bank_api
2021-07-01,2021,2021Q3,Germany,EUR,0.0306666666666673,0.04,0.0390999994204108,0.06920069663753399,10.0,,0.00465094604231552,0.373996969318423,0.523996969318423,0.03594,world_bank_api
2021-10-01,2021,2021Q4,Germany,EUR,0.0306666666666673,0.04,0.0390999994204108,0.06920069663753399,10.0,,0.00465094604231552,0.373996969318423,0.523996969318423,0.03594,world_bank_api
2022-01-01,2022,2022Q1,Germany,EUR,0.0687257438551096,0.04,0.018092581243061,0.0385045627175846,10.0,,0.00466478241668682,0.43157349870531597,0.5815734987053159,0.03137,world_bank_api
2022-04-01,2022,2022Q2,Germany,EUR,0.0687257438551096,0.04,0.018092581243061,0.0385045627175846,10.0,,0.00466478241668682,0.43157349870531597,0.5815734987053159,0.03137,world_bank_api
2022-07-01,2022,2022Q3,Germany,EUR,0.0687257438551096,0.04,0.018092581243061,0.0385045627175846,10.0,,0.00466478241668682,0.43157349870531597,0.5815734987053159,0.03137,world_bank_api
2022-10-01,2022,2022Q4,Germany,EUR,0.0687257438551096,0.04,0.018092581243061,0.0385045627175846,10.0,,0.00466478241668682,0.43157349870531597,0.5815734987053159,0.03137,world_bank_api
2023-01-01,2023,2023Q1,Germany,EUR,0.0594643667725823,0.04,-0.00869647578573321,0.0551222510245724,10.0,,0.00460768626602933,0.389952859590786,0.539952859590786,0.03071,world_bank_api
2023-04-01,2023,2023Q2,Germany,EUR,0.0594643667725823,0.04,-0.00869647578573321,0.0551222510245724,10.0,,0.00460768626602933,0.389952859590786,0.539952859590786,0.03071,world_bank_api
2023-07-01,2023,2023Q3,Germany,EUR,0.0594643667725823,0.04,-0.00869647578573321,0.0551222510245724,10.0,,0.00460768626602933,0.389952859590786,0.539952859590786,0.03071,world_bank_api
2023-10-01,2023,2023Q4,Germany,EUR,0.0594643667725823,0.04,-0.00869647578573321,0.0551222510245724,10.0,,0.00460768626602933,0.389952859590786,0.539952859590786,0.03071,world_bank_api
2024-01-01,2024,2024Q1,Germany,EUR,0.022564981433876002,0.04,-0.00495851897260366,0.0581156126321154,10.0,,0.00452984461006563,0.37656671217402804,0.5265667121740281,0.034,world_bank_api
2024-04-01,2024,2024Q2,Germany,EUR,0.022564981433876002,0.04,-0.00495851897260366,0.0581156126321154,10.0,,0.00452984461006563,0.37656671217402804,0.5265667121740281,0.034,world_bank_api
2024-07-01,2024,2024Q3,Germany,EUR,0.022564981433876002,0.04,-0.00495851897260366,0.0581156126321154,10.0,,0.00452984461006563,0.37656671217402804,0.5265667121740281,0.034,world_bank_api
2024-10-01,2024,2024Q4,Germany,EUR,0.022564981433876002,0.04,-0.00495851897260366,0.0581156126321154,10.0,,0.00452984461006563,0.37656671217402804,0.5265667121740281,0.034,world_bank_api
2025-01-01,2025,2025Q1,Germany,EUR,,0.04,,,10.0,,,,0.55,0.03711,world_bank_api
2025-04-01,2025,2025Q2,Germany,EUR,,0.04,,,10.0,,,,0.55,0.03711,world_bank_api
2025-07-01,2025,2025Q3,Germany,EUR,,0.04,,,10.0,,,,0.55,0.03711,world_bank_api
2025-10-01,2025,2025Q4,Germany,EUR,,0.04,,,10.0,,,,0.55,0.03711,world_bank_api
2015-01-01,2015,2015Q1,India,INR,0.049069734412725594,0.065,0.07996253785714709,-0.010675490716796401,8.0,0.230297689509967,0.0327581644116736,0.221097247094602,0.371097247094602,0.07629,world_bank_api
2015-04-01,2015,2015Q2,India,INR,0.049069734412725594,0.065,0.07996253785714709,-0.010675490716796401,8.0,0.230297689509967,0.0327581644116736,0.221097247094602,0.371097247094602,0.07629,world_bank_api
2015-07-01,2015,2015Q3,India,INR,0.049069734412725594,0.065,0.07996253785714709,-0.010675490716796401,8.0,0.230297689509967,0.0327581644116736,0.221097247094602,0.371097247094602,0.07629,world_bank_api
2015-10-01,2015,2015Q4,India,INR,0.049069734412725594,0.065,0.07996253785714709,-0.010675490716796401,8.0,0.230297689509967,0.0327581644116736,0.221097247094602,0.371097247094602,0.07629,world_bank_api
2016-01-01,2016,2016Q1,India,INR,0.0494821634062141,0.065,0.0825630550179086,-0.005278806060375179,8.0,0.200812235448632,0.0273420120455754,0.209242508026814,0.359242508026814,0.07611,world_bank_api
2016-04-01,2016,2016Q2,India,INR,0.0494821634062141,0.065,0.0825630550179086,-0.005278806060375179,8.0,0.200812235448632,0.0273420120455754,0.209242508026814,0.359242508026814,0.07611,world_bank_api
2016-07-01,2016,2016Q3,India,INR,0.0494821634062141,0.065,0.0825630550179086,-0.005278806060375179,8.0,0.200812235448632,0.0273420120455754,0.209242508026814,0.359242508026814,0.07611,world_bank_api
2016-10-01,2016,2016Q4,India,INR,0.0494821634062141,0.065,0.0825630550179086,-0.005278806060375179,8.0,0.200812235448632,0.0273420120455754,0.209242508026814,0.359242508026814,0.07611,world_bank_api
2017-01-01,2017,2017Q1,India,INR,0.0332817337461298,0.065,0.0679538341897911,-0.014394882032098799,8.0,0.195049373712632,0.0260108787283474,0.21950732115224303,0.36950732115224305,0.07626000000000001,world_bank_api
2017-04-01,2017,2017Q2,India,INR,0.0332817337461298,0.065,0.0679538341897911,-0.014394882032098799,8.0,0.195049373712632,0.0260108787283474,0.21950732115224303,0.36950732115224305,0.07626000000000001,world_bank_api
2017-07-01,2017,2017Q3,India,INR,0.0332817337461298,0.065,0.0679538341897911,-0.014394882032098799,8.0,0.195049373712632,0.0260108787283474,0.21950732115224303,0.36950732115224305,0.07626000000000001,world_bank_api
2017-10-01,2017,2017Q4,India,INR,0.0332817337461298,0.065,0.0679538341897911,-0.014394882032098799,8.0,0.195049373712632,0.0260108787283474,0.21950732115224303,0.36950732115224305,0.07626000000000001,world_bank_api
2018-01-01,2018,2018Q1,India,INR,0.039388264669163,0.065,0.0645385134497769,-0.024269754581052697,8.0,0.194905310721105,0.0291499156006937,0.236891407335327,0.386891407335327,0.07652,world_bank_api
2018-04-01,2018,2018Q2,India,INR,0.039388264669163,0.065,0.0645385134497769,-0.024269754581052697,8.0,0.194905310721105,0.0291499156006937,0.236891407335327,0.386891407335327,0.07652,world_bank_api
2018-07-01,2018,2018Q3,India,INR,0.039388264669163,0.065,0.0645385134497769,-0.024269754581052697,8.0,0.194905310721105,0.0291499156006937,0.236891407335327,0.386891407335327,0.07652,world_bank_api
2018-10-01,2018,2018Q4,India,INR,0.039388264669163,0.065,0.0645385134497769,-0.024269754581052697,8.0,0.194905310721105,0.0291499156006937,0.236891407335327,0.386891407335327,0.07652,world_bank_api
2019-01-01,2019,2019Q1,India,INR,0.0372950573539129,0.065,0.0387143694070356,-0.0104961203910072,8.0,0.199766366353145,0.0293877465566923,0.21241138633387202,0.36241138633387204,0.06509999999999999,world_bank_api
2019-04-01,2019,2019Q2,India,INR,0.0372950573539129,0.065,0.0387143694070356,-0.0104961203910072,8.0,0.199766366353145,0.0293877465566923,0.21241138633387202,0.36241138633387204,0.06509999999999999,world_bank_api
2019-07-01,2019,2019Q3,India,INR,0.0372950573539129,0.065,0.0387143694070356,-0.0104961203910072,8.0,0.199766366353145,0.0293877465566923,0.21241138633387202,0.36241138633387204,0.06509999999999999,world_bank_api
2019-10-01,2019,2019Q4,India,INR,0.0372950573539129,0.065,0.0387143694070356,-0.0104961203910072,8.0,0.199766366353145,0.0293877465566923,0.21241138633387202,0.36241138633387204,0.06509999999999999,world_bank_api
2020-01-01,2020,2020Q1,India,INR,0.06623436776285349,0.065,-0.05777724706868011,0.0122362111042791,8.0,0.214094740100862,0.0310855277353444,0.190756283996012,0.340756283996012,0.07859,world_bank_api
2020-04-01,2020,2020Q2,India,INR,0.06623436776285349,0.065,-0.05777724706868011,0.0122362111042791,8.0,0.214094740100862,0.0310855277353444,0.190756283996012,0.340756283996012,0.07859,world_bank_api
2020-07-01,2020,2020Q3,India,INR,0.06623436776285349,0.065,-0.05777724706868011,0.0122362111042791,8.0,0.214094740100862,0.0310855277353444,0.190756283996012,0.340756283996012,0.07859,world_bank_api
2020-10-01,2020,2020Q4,India,INR,0.06623436776285349,0.065,-0.05777724706868011,0.0122362111042791,8.0,0.214094740100862,0.0310855277353444,0.190756283996012,0.340756283996012,0.07859,world_bank_api
2021-01-01,2021,2021Q1,India,INR,0.051314074717636896,0.065,0.0968959249192875,-0.010552416680938299,8.0,0.19552413031112897,0.0282183503869842,0.240239304534931,0.390239304534931,0.0638,world_bank_api
2021-04-01,2021,2021Q2,India,INR,0.051314074717636896,0.065,0.0968959249192875,-0.010552416680938299,8.0,0.19552413031112897,0.0282183503869842,0.240239304534931,0.390239304534931,0.0638,world_bank_api
2021-07-01,2021,2021Q3,India,INR,0.051314074717636896,0.065,0.0968959249192875,-0.010552416680938299,8.0,0.19552413031112897,0.0282183503869842,0.240239304534931,0.390239304534931,0.0638,world_bank_api
2021-10-01,2021,2021Q4,India,INR,0.051314074717636896,0.065,0.0968959249192875,-0.010552416680938299,8.0,0.19552413031112897,0.0282183503869842,0.240239304534931,0.390239304534931,0.0638,world_bank_api
2022-01-01,2022,2022Q1,India,INR,0.0669903414079852,0.065,0.0760936497768895,-0.0236247481487452,8.0,0.18651806906074297,0.0332391537862222,0.268237289453584,0.41823728945358396,0.04822,world_bank_api
2022-04-01,2022,2022Q2,India,INR,0.0669903414079852,0.065,0.0760936497768895,-0.0236247481487452,8.0,0.18651806906074297,0.0332391537862222,0.268237289453584,0.41823728945358396,0.04822,world_bank_api
2022-07-01,2022,2022Q3,India,INR,0.0669903414079852,0.065,0.0760936497768895,-0.0236247481487452,8.0,0.18651806906074297,0.0332391537862222,0.268237289453584,0.41823728945358396,0.04822,world_bank_api
2022-10-01,2022,2022Q4,India,INR,0.0669903414079852,0.065,0.0760936497768895,-0.0236247481487452,8.0,0.18651806906074297,0.0332391537862222,0.268237289453584,0.41823728945358396,0.04822,world_bank_api
2023-01-01,2023,2023Q1,India,INR,0.0564914318907925,0.065,0.0919075493028345,-0.00878262847208682,8.0,0.180442974446192,0.0328504639847322,0.23544144504401998,0.38544144504402,0.04172,world_bank_api
2023-04-01,2023,2023Q2,India,INR,0.0564914318907925,0.065,0.0919075493028345,-0.00878262847208682,8.0,0.180442974446192,0.0328504639847322,0.23544144504401998,0.38544144504402,0.04172,world_bank_api
2023-07-01,2023,2023Q3,India,INR,0.0564914318907925,0.065,0.0919075493028345,-0.00878262847208682,8.0,0.180442974446192,0.0328504639847322,0.23544144504401998,0.38544144504402,0.04172,world_bank_api
2023-10-01,2023,2023Q4,India,INR,0.0564914318907925,0.065,0.0919075493028345,-0.00878262847208682,8.0,0.180442974446192,0.0328504639847322,0.23544144504401998,0.38544144504402,0.04172,world_bank_api
2024-01-01,2024,2024Q1,India,INR,0.04953035509736561,0.065,0.0649476552383821,-0.00818831370412112,8.0,0.18579553369408297,0.0352118550357421,0.234874474548813,0.38487447454881296,0.04173,world_bank_api
2024-04-01,2024,2024Q2,India,INR,0.04953035509736561,0.065,0.0649476552383821,-0.00818831370412112,8.0,0.18579553369408297,0.0352118550357421,0.234874474548813,0.38487447454881296,0.04173,world_bank_api
2024-07-01,2024,2024Q3,India,INR,0.04953035509736561,0.065,0.0649476552383821,-0.00818831370412112,8.0,0.18579553369408297,0.0352118550357421,0.234874474548813,0.38487447454881296,0.04173,world_bank_api
2024-10-01,2024,2024Q4,India,INR,0.04953035509736561,0.065,0.0649476552383821,-0.00818831370412112,8.0,0.18579553369408297,0.0352118550357421,0.234874474548813,0.38487447454881296,0.04173,world_bank_api
2025-01-01,2025,2025Q1,India,INR,,0.065,,,8.0,,,,0.55,0.042190000000000005,world_bank_api
2025-04-01,2025,2025Q2,India,INR,,0.065,,,8.0,,,,0.55,0.042190000000000005,world_bank_api
2025-07-01,2025,2025Q3,India,INR,,0.065,,,8.0,,,,0.55,0.042190000000000005,world_bank_api
2025-10-01,2025,2025Q4,India,INR,,0.065,,,8.0,,,,0.55,0.042190000000000005,world_bank_api
2015-01-01,2015,2015Q1,Japan,JPY,0.00795279630579839,,0.0156062669680782,0.030702796590697797,,,0.000748065192301101,0.17990648516827001,0.32990648516827004,0.03385,world_bank_api
2015-04-01,2015,2015Q2,Japan,JPY,0.00795279630579839,,0.0156062669680782,0.030702796590697797,,,0.000748065192301101,0.17990648516827001,0.32990648516827004,0.03385,world_bank_api
2015-07-01,2015,2015Q3,Japan,JPY,0.00795279630579839,,0.0156062669680782,0.030702796590697797,,,0.000748065192301101,0.17990648516827001,0.32990648516827004,0.03385,world_bank_api
2015-10-01,2015,2015Q4,Japan,JPY,0.00795279630579839,,0.0156062669680782,0.030702796590697797,,,0.000748065192301101,0.17990648516827001,0.32990648516827004,0.03385,world_bank_api
2016-01-01,2016,2016Q1,Japan,JPY,-0.0012725884448975399,,0.0075382674578912704,0.0393809128404803,,,0.000765526640097879,0.152522776095286,0.302522776095286,0.03132,world_bank_api
2016-04-01,2016,2016Q2,Japan,JPY,-0.0012725884448975399,,0.0075382674578912704,0.0393809128404803,,,0.000765526640097879,0.152522776095286,0.302522776095286,0.03132,world_bank_api
2016-07-01,2016,2016Q3,Japan,JPY,-0.0012725884448975399,,0.0075382674578912704,0.0393809128404803,,,0.000765526640097879,0.152522776095286,0.302522776095286,0.03132,world_bank_api
2016-10-01,2016,2016Q4,Japan,JPY,-0.0012725884448975399,,0.0075382674578912704,0.0393809128404803,,,0.000765526640097879,0.152522776095286,0.302522776095286,0.03132,world_bank_api
2017-01-01,2017,2017Q1,Japan,JPY,0.0048419979612638496,,0.0167533175173359,0.0412036966283799,,,0.000901069827039231,0.16831774467385,0.31831774467385,0.028220000000000002,world_bank_api
2017-04-01,2017,2017Q2,Japan,JPY,0.0048419979612638496,,0.0167533175173359,0.0412036966283799,,,0.000901069827039231,0.16831774467385,0.31831774467385,0.028220000000000002,world_bank_api
2017-07-01,2017,2017Q3,Japan,JPY,0.0048419979612638496,,0.0167533175173359,0.0412036966283799,,,0.000901069827039231,0.16831774467385,0.31831774467385,0.028220000000000002,world_bank_api
2017-10-01,2017,2017Q4,Japan,JPY,0.0048419979612638496,,0.0167533175173359,0.0412036966283799,,,0.000901069827039231,0.16831774467385,0.31831774467385,0.028220000000000002,world_bank_api
2018-01-01,2018,2018Q1,Japan,JPY,0.00989094598021848,,0.006433910235331411,0.0351661817468288,,,0.000866803594795751,0.18294986203584798,0.332949862035848,0.02467,world_bank_api
2018-04-01,2018,2018Q2,Japan,JPY,0.00989094598021848,,0.006433910235331411,0.0351661817468288,,,0.000866803594795751,0.18294986203584798,0.332949862035848,0.02467,world_bank_api
2018-07-01,2018,2018Q3,Japan,JPY,0.00989094598021848,,0.006433910235331411,0.0351661817468288,,,0.000866803594795751,0.18294986203584798,0.332949862035848,0.02467,world_bank_api
2018-10-01,2018,2018Q4,Japan,JPY,0.00989094598021848,,0.006433910235331411,0.0351661817468288,,,0.000866803594795751,0.18294986203584798,0.332949862035848,0.02467,world_bank_api
2019-01-01,2019,2019Q1,Japan,JPY,0.0046877615938395005,,-0.00402169200894946,0.0345076611445327,,,0.0008575085066067161,0.177528916808924,0.327528916808924,0.02351,world_bank_api
2019-04-01,2019,2019Q2,Japan,JPY,0.0046877615938395005,,-0.00402169200894946,0.0345076611445327,,,0.0008575085066067161,0.177528916808924,0.327528916808924,0.02351,world_bank_api
2019-07-01,2019,2019Q3,Japan,JPY,0.0046877615938395005,,-0.00402169200894946,0.0345076611445327,,,0.0008575085066067161,0.177528916808924,0.327528916808924,0.02351,world_bank_api
2019-10-01,2019,2019Q4,Japan,JPY,0.0046877615938395005,,-0.00402169200894946,0.0345076611445327,,,0.0008575085066067161,0.177528916808924,0.327528916808924,0.02351,world_bank_api
2020-01-01,2020,2020Q1,Japan,JPY,-0.00024995834027731,,-0.0416876457146743,0.029684785824238297,,,0.0009670991023975691,0.158020257724508,0.30802025772450803,0.02809,world_bank_api
2020-04-01,2020,2020Q2,Japan,JPY,-0.00024995834027731,,-0.0416876457146743,0.029684785824238297,,,0.0009670991023975691,0.158020257724508,0.30802025772450803,0.02809,world_bank_api
2020-07-01,2020,2020Q3,Japan,JPY,-0.00024995834027731,,-0.0416876457146743,0.029684785824238297,,,0.0009670991023975691,0.158020257724508,0.30802025772450803,0.02809,world_bank_api
2020-10-01,2020,2020Q4,Japan,JPY,-0.00024995834027731,,-0.0416876457146743,0.029684785824238297,,,0.0009670991023975691,0.158020257724508,0.30802025772450803,0.02809,world_bank_api
2021-01-01,2021,2021Q1,Japan,JPY,-0.00233352779398264,,0.0269657404187188,0.0389996604353178,,,0.00105055336492197,0.18629254289208,0.33629254289208,0.028079999999999997,world_bank_api
2021-04-01,2021,2021Q2,Japan,JPY,-0.00233352779398264,,0.0269657404187188,0.0389996604353178,,,0.00105055336492197,0.18629254289208,0.33629254289208,0.028079999999999997,world_bank_api
2021-07-01,2021,2021Q3,Japan,JPY,-0.00233352779398264,,0.0269657404187188,0.0389996604353178,,,0.00105055336492197,0.18629254289208,0.33629254289208,0.028079999999999997,world_bank_api
2021-10-01,2021,2021Q4,Japan,JPY,-0.00233352779398264,,0.0269657404187188,0.0389996604353178,,,0.00105055336492197,0.18629254289208,0.33629254289208,0.028079999999999997,world_bank_api
2022-01-01,2022,2022Q1,Japan,JPY,0.0249770278172255,,0.00941998775483285,0.0211637961936876,,,0.00126874933673179,0.25266562712977203,0.40266562712977205,0.02614,world_bank_api
2022-04-01,2022,2022Q2,Japan,JPY,0.0249770278172255,,0.00941998775483285,0.0211637961936876,,,0.00126874933673179,0.25266562712977203,0.40266562712977205,0.02614,world_bank_api
2022-07-01,2022,2022Q3,Japan,JPY,0.0249770278172255,,0.00941998775483285,0.0211637961936876,,,0.00126874933673179,0.25266562712977203,0.40266562712977205,0.02614,world_bank_api
2022-10-01,2022,2022Q4,Japan,JPY,0.0249770278172255,,0.00941998775483285,0.0211637961936876,,,0.00126874933673179,0.25266562712977203,0.40266562712977205,0.02614,world_bank_api
2023-01-01,2023,2023Q1,Japan,JPY,0.0326813365933163,,0.0147503481053384,0.0372552370226115,,,0.00111846653062437,0.232992883238654,0.382992883238654,0.026000000000000002,world_bank_api
2023-04-01,2023,2023Q2,Japan,JPY,0.0326813365933163,,0.0147503481053384,0.0372552370226115,,,0.00111846653062437,0.232992883238654,0.382992883238654,0.026000000000000002,world_bank_api
2023-07-01,2023,2023Q3,Japan,JPY,0.0326813365933163,,0.0147503481053384,0.0372552370226115,,,0.00111846653062437,0.232992883238654,0.382992883238654,0.026000000000000002,world_bank_api
2023-10-01,2023,2023Q4,Japan,JPY,0.0326813365933163,,0.0147503481053384,0.0372552370226115,,,0.00111846653062437,0.232992883238654,0.382992883238654,0.026000000000000002,world_bank_api
2024-01-01,2024,2024Q1,Japan,JPY,0.0273853681635241,,0.0010430902177330401,0.0471136516065292,,,0.00115309420280122,0.23637951750411101,0.38637951750411104,0.025,world_bank_api
2024-04-01,2024,2024Q2,Japan,JPY,0.0273853681635241,,0.0010430902177330401,0.0471136516065292,,,0.00115309420280122,0.23637951750411101,0.38637951750411104,0.025,world_bank_api
2024-07-01,2024,2024Q3,Japan,JPY,0.0273853681635241,,0.0010430902177330401,0.0471136516065292,,,0.00115309420280122,0.23637951750411101,0.38637951750411104,0.025,world_bank_api
2024-10-01,2024,2024Q4,Japan,JPY,0.0273853681635241,,0.0010430902177330401,0.0471136516065292,,,0.00115309420280122,0.23637951750411101,0.38637951750411104,0.025,world_bank_api
2025-01-01,2025,2025Q1,Japan,JPY,,,,,,,,,0.55,0.02451,world_bank_api
2025-04-01,2025,2025Q2,Japan,JPY,,,,,,,,,0.55,0.02451,world_bank_api
2025-07-01,2025,2025Q3,Japan,JPY,,,,,,,,,0.55,0.02451,world_bank_api
2025-10-01,2025,2025Q4,Japan,JPY,,,,,,,,,0.55,0.02451,world_bank_api
2015-01-01,2015,2015Q1,Mexico,MXN,0.0272064064964023,0.11,0.0270232342550646,-0.025991762821058903,4.5,0.454803129174973,0.022109148175279997,0.362502019889402,0.512502019889402,0.04311,world_bank_api
2015-04-01,2015,2015Q2,Mexico,MXN,0.0272064064964023,0.11,0.0270232342550646,-0.025991762821058903,4.5,0.454803129174973,0.022109148175279997,0.362502019889402,0.512502019889402,0.04311,world_bank_api
2015-07-01,2015,2015Q3,Mexico,MXN,0.0272064064964023,0.11,0.0270232342550646,-0.025991762821058903,4.5,0.454803129174973,0.022109148175279997,0.362502019889402,0.512502019889402,0.04311,world_bank_api
2015-10-01,2015,2015Q4,Mexico,MXN,0.0272064064964023,0.11,0.0270232342550646,-0.025991762821058903,4.5,0.454803129174973,0.022109148175279997,0.362502019889402,0.512502019889402,0.04311,world_bank_api
2016-01-01,2016,2016Q1,Mexico,MXN,0.028217078474766,0.11,0.0177249323845399,-0.022731119827718704,4.5,0.502965927131738,0.026369300778272403,0.38874626157374303,0.5387462615737431,0.03853,world_bank_api
2016-04-01,2016,2016Q2,Mexico,MXN,0.028217078474766,0.11,0.0177249323845399,-0.022731119827718704,4.5,0.502965927131738,0.026369300778272403,0.38874626157374303,0.5387462615737431,0.03853,world_bank_api
2016-07-01,2016,2016Q3,Mexico,MXN,0.028217078474766,0.11,0.0177249323845399,-0.022731119827718704,4.5,0.502965927131738,0.026369300778272403,0.38874626157374303,0.5387462615737431,0.03853,world_bank_api
2016-10-01,2016,2016Q4,Mexico,MXN,0.028217078474766,0.11,0.0177249323845399,-0.022731119827718704,4.5,0.502965927131738,0.026369300778272403,0.38874626157374303,0.5387462615737431,0.03853,world_bank_api
2017-01-01,2017,2017Q1,Mexico,MXN,0.060414572401898604,0.11,0.0187172853327193,-0.0179746290774801,4.5,0.4985860000761,0.0276495197157249,0.39438037420838,0.54438037420838,0.03419,world_bank_api
2017-04-01,2017,2017Q2,Mexico,MXN,0.060414572401898604,0.11,0.0187172853327193,-0.0179746290774801,4.5,0.4985860000761,0.0276495197157249,0.39438037420838,0.54438037420838,0.03419,world_bank_api
2017-07-01,2017,2017Q3,Mexico,MXN,0.060414572401898604,0.11,0.0187172853327193,-0.0179746290774801,4.5,0.4985860000761,0.0276495197157249,0.39438037420838,0.54438037420838,0.03419,world_bank_api
2017-10-01,2017,2017Q4,Mexico,MXN,0.060414572401898604,0.11,0.0187172853327193,-0.0179746290774801,4.5,0.4985860000761,0.0276495197157249,0.39438037420838,0.54438037420838,0.03419,world_bank_api
2018-01-01,2018,2018Q1,Mexico,MXN,0.0489935015356551,0.11,0.0197208209405635,-0.020641407445757397,4.5,0.49190228783462797,0.0290745049971046,0.41168731214964505,0.5616873121496451,0.03275,world_bank_api
2018-04-01,2018,2018Q2,Mexico,MXN,0.0489935015356551,0.11,0.0197208209405635,-0.020641407445757397,4.5,0.49190228783462797,0.0290745049971046,0.41168731214964505,0.5616873121496451,0.03275,world_bank_api
2018-07-01,2018,2018Q3,Mexico,MXN,0.0489935015356551,0.11,0.0197208209405635,-0.020641407445757397,4.5,0.49190228783462797,0.0290745049971046,0.41168731214964505,0.5616873121496451,0.03275,world_bank_api
2018-10-01,2018,2018Q4,Mexico,MXN,0.0489935015356551,0.11,0.0197208209405635,-0.020641407445757397,4.5,0.49190228783462797,0.0290745049971046,0.41168731214964505,0.5616873121496451,0.03275,world_bank_api
2019-01-01,2019,2019Q1,Mexico,MXN,0.036359614212704595,0.11,-0.00392690505066824,-0.00296844402044544,4.5,0.487169187460769,0.030544688322776802,0.38932321465111897,0.539323214651119,0.034769999999999995,world_bank_api
2019-04-01,2019,2019Q2,Mexico,MXN,0.036359614212704595,0.11,-0.00392690505066824,-0.00296844402044544,4.5,0.487169187460769,0.030544688322776802,0.38932321465111897,0.539323214651119,0.034769999999999995,world_bank_api
2019-07-01,2019,2019Q3,Mexico,MXN,0.036359614212704595,0.11,-0.00392690505066824,-0.00296844402044544,4.5,0.487169187460769,0.030544688322776802,0.38932321465111897,0.539323214651119,0.034769999999999995,world_bank_api
2019-10-01,2019,2019Q4,Mexico,MXN,0.036359614212704595,0.11,-0.00392690505066824,-0.00296844402044544,4.5,0.487169187460769,0.030544688322776802,0.38932321465111897,0.539323214651119,0.034769999999999995,world_bank_api
2020-01-01,2020,2020Q1,Mexico,MXN,0.0339683415570006,0.11,-0.0835403458167995,0.0239710320533218,4.5,0.568349663684666,0.0392284685483306,0.37619183615190105,0.526191836151901,0.0444,world_bank_api
2020-04-01,2020,2020Q2,Mexico,MXN,0.0339683415570006,0.11,-0.0835403458167995,0.0239710320533218,4.5,0.568349663684666,0.0392284685483306,0.37619183615190105,0.526191836151901,0.0444,world_bank_api
2020-07-01,2020,2020Q3,Mexico,MXN,0.0339683415570006,0.11,-0.0835403458167995,0.0239710320533218,4.5,0.568349663684666,0.0392284685483306,0.37619183615190105,0.526191836151901,0.0444,world_bank_api
2020-10-01,2020,2020Q4,Mexico,MXN,0.0339683415570006,0.11,-0.0835403458167995,0.0239710320533218,4.5,0.568349663684666,0.0392284685483306,0.37619183615190105,0.526191836151901,0.0444,world_bank_api
2021-01-01,2021,2021Q1,Mexico,MXN,0.0568920847683753,0.11,0.060484834621255,-0.00340708629776388,4.5,0.468965782589805,0.04182614814743799,0.42500104434770103,0.575001044347701,0.040190000000000003,world_bank_api
2021-04-01,2021,2021Q2,Mexico,MXN,0.0568920847683753,0.11,0.060484834621255,-0.00340708629776388,4.5,0.468965782589805,0.04182614814743799,0.42500104434770103,0.575001044347701,0.040190000000000003,world_bank_api
2021-07-01,2021,2021Q3,Mexico,MXN,0.0568920847683753,0.11,0.060484834621255,-0.00340708629776388,4.5,0.468965782589805,0.04182614814743799,0.42500104434770103,0.575001044347701,0.040190000000000003,world_bank_api
2021-10-01,2021,2021Q4,Mexico,MXN,0.0568920847683753,0.11,0.060484834621255,-0.00340708629776388,4.5,0.468965782589805,0.04182614814743799,0.42500104434770103,0.575001044347701,0.040190000000000003,world_bank_api
2022-01-01,2022,2022Q1,Mexico,MXN,0.078962761916855,0.11,0.0370975709163623,-0.0127426718186171,4.5,0.40897191321368803,0.0418953324624702,0.45866195373348395,0.608661953733484,0.03256,world_bank_api
2022-04-01,2022,2022Q2,Mexico,MXN,0.078962761916855,0.11,0.0370975709163623,-0.0127426718186171,4.5,0.40897191321368803,0.0418953324624702,0.45866195373348395,0.608661953733484,0.03256,world_bank_api
2022-07-01,2022,2022Q3,Mexico,MXN,0.078962761916855,0.11,0.0370975709163623,-0.0127426718186171,4.5,0.40897191321368803,0.0418953324624702,0.45866195373348395,0.608661953733484,0.03256,world_bank_api
2022-10-01,2022,2022Q4,Mexico,MXN,0.078962761916855,0.11,0.0370975709163623,-0.0127426718186171,4.5,0.40897191321368803,0.0418953324624702,0.45866195373348395,0.608661953733484,0.03256,world_bank_api
2023-01-01,2023,2023Q1,Mexico,MXN,0.055279608731438896,0.11,0.0335354140652768,-0.00697558185892173,4.5,0.34072289213480306,0.0368332313946646,0.37509466472149,0.52509466472149,0.02765,world_bank_api
2023-04-01,2023,2023Q2,Mexico,MXN,0.055279608731438896,0.11,0.0335354140652768,-0.00697558185892173,4.5,0.34072289213480306,0.0368332313946646,0.37509466472149,0.52509466472149,0.02765,world_bank_api
2023-07-01,2023,2023Q3,Mexico,MXN,0.055279608731438896,0.11,0.0335354140652768,-0.00697558185892173,4.5,0.34072289213480306,0.0368332313946646,0.37509466472149,0.52509466472149,0.02765,world_bank_api
2023-10-01,2023,2023Q4,Mexico,MXN,0.055279608731438896,0.11,0.0335354140652768,-0.00697558185892173,4.5,0.34072289213480306,0.0368332313946646,0.37509466472149,0.52509466472149,0.02765,world_bank_api
2024-01-01,2024,2024Q1,Mexico,MXN,0.047222558845293194,0.11,0.014274276908046599,-0.00899378006983485,4.5,0.32892051983269804,0.0364356639704934,0.37885539165996596,0.528855391659966,0.026779999999999998,world_bank_api
2024-04-01,2024,2024Q2,Mexico,MXN,0.047222558845293194,0.11,0.014274276908046599,-0.00899378006983485,4.5,0.32892051983269804,0.0364356639704934,0.37885539165996596,0.528855391659966,0.026779999999999998,world_bank_api
2024-07-01,2024,2024Q3,Mexico,MXN,0.047222558845293194,0.11,0.014274276908046599,-0.00899378006983485,4.5,0.32892051983269804,0.0364356639704934,0.37885539165996596,0.528855391659966,0.026779999999999998,world_bank_api
2024-10-01,2024,2024Q4,Mexico,MXN,0.047222558845293194,0.11,0.014274276908046599,-0.00899378006983485,4.5,0.32892051983269804,0.0364356639704934,0.37885539165996596,0.528855391659966,0.026779999999999998,world_bank_api
2025-01-01,2025,2025Q1,Mexico,MXN,,0.11,,,4.5,,,,0.55,0.02673,world_bank_api
2025-04-01,2025,2025Q2,Mexico,MXN,,0.11,,,4.5,,,,0.55,0.02673,world_bank_api
2025-07-01,2025,2025Q3,Mexico,MXN,,0.11,,,4.5,,,,0.55,0.02673,world_bank_api
2025-10-01,2025,2025Q4,Mexico,MXN,,0.11,,,4.5,,,,0.55,0.02673,world_bank_api
2015-01-01,2015,2015Q1,Nigeria,NGN,0.0900943498007706,0.185,0.0265269329543001,-0.0313140101186134,3.0,0.09373945267489531,0.0418355590955889,,0.55,0.04134,world_bank_api
2015-04-01,2015,2015Q2,Nigeria,NGN,0.0900943498007706,0.185,0.0265269329543001,-0.0313140101186134,3.0,0.09373945267489531,0.0418355590955889,,0.55,0.04134,world_bank_api
2015-07-01,2015,2015Q3,Nigeria,NGN,0.0900943498007706,0.185,0.0265269329543001,-0.0313140101186134,3.0,0.09373945267489531,0.0418355590955889,,0.55,0.04134,world_bank_api
2015-10-01,2015,2015Q4,Nigeria,NGN,0.0900943498007706,0.185,0.0265269329543001,-0.0313140101186134,3.0,0.09373945267489531,0.0418355590955889,,0.55,0.04134,world_bank_api
2016-01-01,2016,2016Q1,Nigeria,NGN,0.156968126387972,0.185,-0.016168689490650902,0.0125472098152786,3.0,0.10978230289557,0.0486790574219487,,0.55,0.044989999999999995,world_bank_api
2016-04-01,2016,2016Q2,Nigeria,NGN,0.156968126387972,0.185,-0.016168689490650902,0.0125472098152786,3.0,0.10978230289557,0.0486790574219487,,0.55,0.044989999999999995,world_bank_api
2016-07-01,2016,2016Q3,Nigeria,NGN,0.156968126387972,0.185,-0.016168689490650902,0.0125472098152786,3.0,0.10978230289557,0.0486790574219487,,0.55,0.044989999999999995,world_bank_api
2016-10-01,2016,2016Q4,Nigeria,NGN,0.156968126387972,0.185,-0.016168689490650902,0.0125472098152786,3.0,0.10978230289557,0.0486790574219487,,0.55,0.044989999999999995,world_bank_api
2017-01-01,2017,2017Q1,Nigeria,NGN,0.16502266213964098,0.185,0.00805886619102438,0.0360982550121523,3.0,0.177307590012602,0.05864874837048881,,0.55,0.0483,world_bank_api
2017-04-01,2017,2017Q2,Nigeria,NGN,0.16502266213964098,0.185,0.00805886619102438,0.0360982550121523,3.0,0.177307590012602,0.05864874837048881,,0.55,0.0483,world_bank_api
2017-07-01,2017,2017Q3,Nigeria,NGN,0.16502266213964098,0.185,0.00805886619102438,0.0360982550121523,3.0,0.177307590012602,0.05864874837048881,,0.55,0.0483,world_bank_api
2017-10-01,2017,2017Q4,Nigeria,NGN,0.16502266213964098,0.185,0.00805886619102438,0.0360982550121523,3.0,0.177307590012602,0.05864874837048881,,0.55,0.0483,world_bank_api
2018-01-01,2018,2018Q1,Nigeria,NGN,0.120951065173432,0.185,0.0192275734200614,0.0172693303668361,3.0,0.169165675219792,0.057644675776837205,,0.55,0.05069,world_bank_api
2018-04-01,2018,2018Q2,Nigeria,NGN,0.120951065173432,0.185,0.0192275734200614,0.0172693303668361,3.0,0.169165675219792,0.057644675776837205,,0.55,0.05069,world_bank_api
2018-07-01,2018,2018Q3,Nigeria,NGN,0.120951065173432,0.185,0.0192275734200614,0.0172693303668361,3.0,0.169165675219792,0.057644675776837205,,0.55,0.05069,world_bank_api
2018-10-01,2018,2018Q4,Nigeria,NGN,0.120951065173432,0.185,0.0192275734200614,0.0172693303668361,3.0,0.169165675219792,0.057644675776837205,,0.55,0.05069,world_bank_api
2019-01-01,2019,2019Q1,Nigeria,NGN,0.113964223378116,0.185,0.0220842927714892,-0.0204801100743442,3.0,0.17479665389895,0.0356309024893361,,0.55,0.05206,world_bank_api
2019-04-01,2019,2019Q2,Nigeria,NGN,0.113964223378116,0.185,0.0220842927714892,-0.0204801100743442,3.0,0.17479665389895,0.0356309024893361,,0.55,0.05206,world_bank_api
2019-07-01,2019,2019Q3,Nigeria,NGN,0.113964223378116,0.185,0.0220842927714892,-0.0204801100743442,3.0,0.17479665389895,0.0356309024893361,,0.55,0.05206,world_bank_api
2019-10-01,2019,2019Q4,Nigeria,NGN,0.113964223378116,0.185,0.0220842927714892,-0.0204801100743442,3.0,0.17479665389895,0.0356309024893361,,0.55,0.05206,world_bank_api
2020-01-01,2020,2020Q1,Nigeria,NGN,0.132460234276597,0.185,-0.06368898405101091,-0.026706113574319602,3.0,0.204924439613801,0.0287469533136236,,0.55,0.05714,world_bank_api
2020-04-01,2020,2020Q2,Nigeria,NGN,0.132460234276597,0.185,-0.06368898405101091,-0.026706113574319602,3.0,0.204924439613801,0.0287469533136236,,0.55,0.05714,world_bank_api
2020-07-01,2020,2020Q3,Nigeria,NGN,0.132460234276597,0.185,-0.06368898405101091,-0.026706113574319602,3.0,0.204924439613801,0.0287469533136236,,0.55,0.05714,world_bank_api
2020-10-01,2020,2020Q4,Nigeria,NGN,0.132460234276597,0.185,-0.06368898405101091,-0.026706113574319602,3.0,0.204924439613801,0.0287469533136236,,0.55,0.05714,world_bank_api
2021-01-01,2021,2021Q1,Nigeria,NGN,0.16952845722160798,0.185,0.0110925253938163,-0.005342157705940351,3.0,0.22268260387430602,0.0319846919163264,,0.55,0.05404,world_bank_api
2021-04-01,2021,2021Q2,Nigeria,NGN,0.16952845722160798,0.185,0.0110925253938163,-0.005342157705940351,3.0,0.22268260387430602,0.0319846919163264,,0.55,0.05404,world_bank_api
2021-07-01,2021,2021Q3,Nigeria,NGN,0.16952845722160798,0.185,0.0110925253938163,-0.005342157705940351,3.0,0.22268260387430602,0.0319846919163264,,0.55,0.05404,world_bank_api
2021-10-01,2021,2021Q4,Nigeria,NGN,0.16952845722160798,0.185,0.0110925253938163,-0.005342157705940351,3.0,0.22268260387430602,0.0319846919163264,,0.55,0.05404,world_bank_api
2022-01-01,2022,2022Q1,Nigeria,NGN,0.188471877843274,0.185,0.043188294952319205,0.0015744623858631602,3.0,0.22186735158261603,0.0311115327874995,,0.55,0.03827,world_bank_api
2022-04-01,2022,2022Q2,Nigeria,NGN,0.188471877843274,0.185,0.043188294952319205,0.0015744623858631602,3.0,0.22186735158261603,0.0311115327874995,,0.55,0.03827,world_bank_api
2022-07-01,2022,2022Q3,Nigeria,NGN,0.188471877843274,0.185,0.043188294952319205,0.0015744623858631602,3.0,0.22186735158261603,0.0311115327874995,,0.55,0.03827,world_bank_api
2022-10-01,2022,2022Q4,Nigeria,NGN,0.188471877843274,0.185,0.043188294952319205,0.0015744623858631602,3.0,0.22186735158261603,0.0311115327874995,,0.55,0.03827,world_bank_api
2023-01-01,2023,2023Q1,Nigeria,NGN,0.24659550203114,0.185,0.0332684556421316,0.0131788745937756,3.0,0.29036832236491,0.0401108712396646,,0.55,0.03074,world_bank_api
2023-04-01,2023,2023Q2,Nigeria,NGN,0.24659550203114,0.185,0.0332684556421316,0.0131788745937756,3.0,0.29036832236491,0.0401108712396646,,0.55,0.03074,world_bank_api
2023-07-01,2023,2023Q3,Nigeria,NGN,0.24659550203114,0.185,0.0332684556421316,0.0131788745937756,3.0,0.29036832236491,0.0401108712396646,,0.55,0.03074,world_bank_api
2023-10-01,2023,2023Q4,Nigeria,NGN,0.24659550203114,0.185,0.0332684556421316,0.0131788745937756,3.0,0.29036832236491,0.0401108712396646,,0.55,0.03074,world_bank_api
2024-01-01,2024,2024Q1,Nigeria,NGN,0.33242096654540604,0.185,0.0406236408888319,0.0682436415121879,3.0,0.600447244122839,0.0844081449065528,,0.55,0.030449999999999998,world_bank_api
2024-04-01,2024,2024Q2,Nigeria,NGN,0.33242096654540604,0.185,0.0406236408888319,0.0682436415121879,3.0,0.600447244122839,0.0844081449065528,,0.55,0.030449999999999998,world_bank_api
2024-07-01,2024,2024Q3,Nigeria,NGN,0.33242096654540604,0.185,0.0406236408888319,0.0682436415121879,3.0,0.600447244122839,0.0844081449065528,,0.55,0.030449999999999998,world_bank_api
2024-10-01,2024,2024Q4,Nigeria,NGN,0.33242096654540604,0.185,0.0406236408888319,0.0682436415121879,3.0,0.600447244122839,0.0844081449065528,,0.55,0.030449999999999998,world_bank_api
2025-01-01,2025,2025Q1,Nigeria,NGN,,0.185,,,3.0,,,,0.55,0.03064,world_bank_api
2025-04-01,2025,2025Q2,Nigeria,NGN,,0.185,,,3.0,,,,0.55,0.03064,world_bank_api
2025-07-01,2025,2025Q3,Nigeria,NGN,,0.185,,,3.0,,,,0.55,0.03064,world_bank_api
2025-10-01,2025,2025Q4,Nigeria,NGN,,0.185,,,3.0,,,,0.55,0.03064,world_bank_api
2015-01-01,2015,2015Q1,Pakistan,PKR,0.0252932817254229,0.2,0.0421794209572506,-0.00934446742353906,2.5,0.23250373675072,0.0643611445161773,0.167136150659843,0.317136150659843,0.03566,world_bank_api
2015-04-01,2015,2015Q2,Pakistan,PKR,0.0252932817254229,0.2,0.0421794209572506,-0.00934446742353906,2.5,0.23250373675072,0.0643611445161773,0.167136150659843,0.317136150659843,0.03566,world_bank_api
2015-07-01,2015,2015Q3,Pakistan,PKR,0.0252932817254229,0.2,0.0421794209572506,-0.00934446742353906,2.5,0.23250373675072,0.0643611445161773,0.167136150659843,0.317136150659843,0.03566,world_bank_api
2015-10-01,2015,2015Q4,Pakistan,PKR,0.0252932817254229,0.2,0.0421794209572506,-0.00934446742353906,2.5,0.23250373675072,0.0643611445161773,0.167136150659843,0.317136150659843,0.03566,world_bank_api
2016-01-01,2016,2016Q1,Pakistan,PKR,0.037651191635658,0.2,0.0657383828511043,-0.0229279660651385,2.5,0.24371179439275298,0.0631922966290135,0.159648616568916,0.30964861656891596,0.022850000000000002,world_bank_api
2016-04-01,2016,2016Q2,Pakistan,PKR,0.037651191635658,0.2,0.0657383828511043,-0.0229279660651385,2.5,0.24371179439275298,0.0631922966290135,0.159648616568916,0.30964861656891596,0.022850000000000002,world_bank_api
2016-07-01,2016,2016Q3,Pakistan,PKR,0.037651191635658,0.2,0.0657383828511043,-0.0229279660651385,2.5,0.24371179439275298,0.0631922966290135,0.159648616568916,0.30964861656891596,0.022850000000000002,world_bank_api
2016-10-01,2016,2016Q4,Pakistan,PKR,0.037651191635658,0.2,0.0657383828511043,-0.0229279660651385,2.5,0.24371179439275298,0.0631922966290135,0.159648616568916,0.30964861656891596,0.022850000000000002,world_bank_api
2017-01-01,2017,2017Q1,Pakistan,PKR,0.04085373680326079,0.2,0.044326259068397496,-0.0476985760466006,2.5,0.278523788602803,0.0585367806811606,0.172504236583884,0.322504236583884,0.03204,world_bank_api
2017-04-01,2017,2017Q2,Pakistan,PKR,0.04085373680326079,0.2,0.044326259068397496,-0.0476985760466006,2.5,0.278523788602803,0.0585367806811606,0.172504236583884,0.322504236583884,0.03204,world_bank_api
2017-07-01,2017,2017Q3,Pakistan,PKR,0.04085373680326079,0.2,0.044326259068397496,-0.0476985760466006,2.5,0.278523788602803,0.0585367806811606,0.172504236583884,0.322504236583884,0.03204,world_bank_api
2017-10-01,2017,2017Q4,Pakistan,PKR,0.04085373680326079,0.2,0.044326259068397496,-0.0476985760466006,2.5,0.278523788602803,0.0585367806811606,0.172504236583884,0.322504236583884,0.03204,world_bank_api
2018-01-01,2018,2018Q1,Pakistan,PKR,0.0507805725868917,0.2,0.0615170261099519,-0.052955617564577805,2.5,0.285494742437705,0.059509474344836104,0.19044257474073,0.34044257474073003,0.040830000000000005,world_bank_api
2018-04-01,2018,2018Q2,Pakistan,PKR,0.0507805725868917,0.2,0.0615170261099519,-0.052955617564577805,2.5,0.285494742437705,0.059509474344836104,0.19044257474073,0.34044257474073003,0.040830000000000005,world_bank_api
2018-07-01,2018,2018Q3,Pakistan,PKR,0.0507805725868917,0.2,0.0615170261099519,-0.052955617564577805,2.5,0.285494742437705,0.059509474344836104,0.19044257474073,0.34044257474073003,0.040830000000000005,world_bank_api
2018-10-01,2018,2018Q4,Pakistan,PKR,0.0507805725868917,0.2,0.0615170261099519,-0.052955617564577805,2.5,0.285494742437705,0.059509474344836104,0.19044257474073,0.34044257474073003,0.040830000000000005,world_bank_api
2019-01-01,2019,2019Q1,Pakistan,PKR,0.105780305672025,0.2,0.0249763692943365,-0.0266677325730292,2.5,0.349183625831205,0.069340427404279,0.195147134481005,0.345147134481005,0.0483,world_bank_api
2019-04-01,2019,2019Q2,Pakistan,PKR,0.105780305672025,0.2,0.0249763692943365,-0.0266677325730292,2.5,0.349183625831205,0.069340427404279,0.195147134481005,0.345147134481005,0.0483,world_bank_api
2019-07-01,2019,2019Q3,Pakistan,PKR,0.105780305672025,0.2,0.0249763692943365,-0.0266677325730292,2.5,0.349183625831205,0.069340427404279,0.195147134481005,0.345147134481005,0.0483,world_bank_api
2019-10-01,2019,2019Q4,Pakistan,PKR,0.105780305672025,0.2,0.0249763692943365,-0.0266677325730292,2.5,0.349183625831205,0.069340427404279,0.195147134481005,0.345147134481005,0.0483,world_bank_api
2020-01-01,2020,2020Q1,Pakistan,PKR,0.0974011619320125,0.2,-0.012740874433870899,-0.0021665063787150098,2.5,0.399870693569552,0.0868401332889248,0.174177212905341,0.32417721290534096,0.05994,world_bank_api
2020-04-01,2020,2020Q2,Pakistan,PKR,0.0974011619320125,0.2,-0.012740874433870899,-0.0021665063787150098,2.5,0.399870693569552,0.0868401332889248,0.174177212905341,0.32417721290534096,0.05994,world_bank_api
2020-07-01,2020,2020Q3,Pakistan,PKR,0.0974011619320125,0.2,-0.012740874433870899,-0.0021665063787150098,2.5,0.399870693569552,0.0868401332889248,0.174177212905341,0.32417721290534096,0.05994,world_bank_api
2020-10-01,2020,2020Q4,Pakistan,PKR,0.0974011619320125,0.2,-0.012740874433870899,-0.0021665063787150098,2.5,0.399870693569552,0.0868401332889248,0.174177212905341,0.32417721290534096,0.05994,world_bank_api
2021-01-01,2021,2021Q1,Pakistan,PKR,0.0949641577285205,0.2,0.0651388575852702,-0.0352439577565177,2.5,0.379965494190867,0.0898436279286431,0.17978820523772898,0.329788205237729,0.06338,world_bank_api
2021-04-01,2021,2021Q2,Pakistan,PKR,0.0949641577285205,0.2,0.0651388575852702,-0.0352439577565177,2.5,0.379965494190867,0.0898436279286431,0.17978820523772898,0.329788205237729,0.06338,world_bank_api
2021-07-01,2021,2021Q3,Pakistan,PKR,0.0949641577285205,0.2,0.0651388575852702,-0.0352439577565177,2.5,0.379965494190867,0.0898436279286431,0.17978820523772898,0.329788205237729,0.06338,world_bank_api
2021-10-01,2021,2021Q4,Pakistan,PKR,0.0949641577285205,0.2,0.0651388575852702,-0.0352439577565177,2.5,0.379965494190867,0.0898436279286431,0.17978820523772898,0.329788205237729,0.06338,world_bank_api
2022-01-01,2022,2022Q1,Pakistan,PKR,0.198738599646655,0.2,0.047781068690358,-0.0325858181478804,2.5,0.345202602197744,0.0804928811142895,0.22490763205927902,0.374907632059279,0.052910000000000006,world_bank_api
2022-04-01,2022,2022Q2,Pakistan,PKR,0.198738599646655,0.2,0.047781068690358,-0.0325858181478804,2.5,0.345202602197744,0.0804928811142895,0.22490763205927902,0.374907632059279,0.052910000000000006,world_bank_api
2022-07-01,2022,2022Q3,Pakistan,PKR,0.198738599646655,0.2,0.047781068690358,-0.0325858181478804,2.5,0.345202602197744,0.0804928811142895,0.22490763205927902,0.374907632059279,0.052910000000000006,world_bank_api
2022-10-01,2022,2022Q4,Pakistan,PKR,0.198738599646655,0.2,0.047781068690358,-0.0325858181478804,2.5,0.345202602197744,0.0804928811142895,0.22490763205927902,0.374907632059279,0.052910000000000006,world_bank_api
2023-01-01,2023,2023Q1,Pakistan,PKR,0.307681280657005,0.2,-0.00414935997088406,-0.0030863013638727397,2.5,0.394498353457572,0.07888053706276431,0.179737337958273,0.329737337958273,0.05237,world_bank_api
2023-04-01,2023,2023Q2,Pakistan,PKR,0.307681280657005,0.2,-0.00414935997088406,-0.0030863013638727397,2.5,0.394498353457572,0.07888053706276431,0.179737337958273,0.329737337958273,0.05237,world_bank_api
2023-07-01,2023,2023Q3,Pakistan,PKR,0.307681280657005,0.2,-0.00414935997088406,-0.0030863013638727397,2.5,0.394498353457572,0.07888053706276431,0.179737337958273,0.329737337958273,0.05237,world_bank_api
2023-10-01,2023,2023Q4,Pakistan,PKR,0.307681280657005,0.2,-0.00414935997088406,-0.0030863013638727397,2.5,0.394498353457572,0.07888053706276431,0.179737337958273,0.329737337958273,0.05237,world_bank_api
2024-01-01,2024,2024Q1,Pakistan,PKR,0.126325318530452,0.2,0.0304898287335465,0.00133557216822667,2.5,0.356282760521045,0.09396345234708249,0.171880155617051,0.32188015561705097,0.05492,world_bank_api
2024-04-01,2024,2024Q2,Pakistan,PKR,0.126325318530452,0.2,0.0304898287335465,0.00133557216822667,2.5,0.356282760521045,0.09396345234708249,0.171880155617051,0.32188015561705097,0.05492,world_bank_api
2024-07-01,2024,2024Q3,Pakistan,PKR,0.126325318530452,0.2,0.0304898287335465,0.00133557216822667,2.5,0.356282760521045,0.09396345234708249,0.171880155617051,0.32188015561705097,0.05492,world_bank_api
2024-10-01,2024,2024Q4,Pakistan,PKR,0.126325318530452,0.2,0.0304898287335465,0.00133557216822667,2.5,0.356282760521045,0.09396345234708249,0.171880155617051,0.32188015561705097,0.05492,world_bank_api
2025-01-01,2025,2025Q1,Pakistan,PKR,,0.2,,,2.5,,,,0.55,0.0542,world_bank_api
2025-04-01,2025,2025Q2,Pakistan,PKR,,0.2,,,2.5,,,,0.55,0.0542,world_bank_api
2025-07-01,2025,2025Q3,Pakistan,PKR,,0.2,,,2.5,,,,0.55,0.0542,world_bank_api
2025-10-01,2025,2025Q4,Pakistan,PKR,,0.2,,,2.5,,,,0.55,0.0542,world_bank_api
2015-01-01,2015,2015Q1,Philippines,PHP,0.00674192536845408,0.062,0.0634830971672761,0.023709498595559403,6.0,0.23340018227290202,0.09724195525647661,0.319335348662643,0.46933534866264304,0.03068,world_bank_api
2015-04-01,2015,2015Q2,Philippines,PHP,0.00674192536845408,0.062,0.0634830971672761,0.023709498595559403,6.0,0.23340018227290202,0.09724195525647661,0.319335348662643,0.46933534866264304,0.03068,world_bank_api
2015-07-01,2015,2015Q3,Philippines,PHP,0.00674192536845408,0.062,0.0634830971672761,0.023709498595559403,6.0,0.23340018227290202,0.09724195525647661,0.319335348662643,0.46933534866264304,0.03068,world_bank_api
2015-10-01,2015,2015Q4,Philippines,PHP,0.00674192536845408,0.062,0.0634830971672761,0.023709498595559403,6.0,0.23340018227290202,0.09724195525647661,0.319335348662643,0.46933534866264304,0.03068,world_bank_api
2016-01-01,2016,2016Q1,Philippines,PHP,0.0125369880080982,0.062,0.0714945675000752,-0.00376262661565375,6.0,0.212638927411851,0.0977380233956317,0.351030624218713,0.501030624218713,0.026949999999999998,world_bank_api
2016-04-01,2016,2016Q2,Philippines,PHP,0.0125369880080982,0.062,0.0714945675000752,-0.00376262661565375,6.0,0.212638927411851,0.0977380233956317,0.351030624218713,0.501030624218713,0.026949999999999998,world_bank_api
2016-07-01,2016,2016Q3,Philippines,PHP,0.0125369880080982,0.062,0.0714945675000752,-0.00376262661565375,6.0,0.212638927411851,0.0977380233956317,0.351030624218713,0.501030624218713,0.026949999999999998,world_bank_api
2016-10-01,2016,2016Q4,Philippines,PHP,0.0125369880080982,0.062,0.0714945675000752,-0.00376262661565375,6.0,0.212638927411851,0.0977380233956317,0.351030624218713,0.501030624218713,0.026949999999999998,world_bank_api
2017-01-01,2017,2017Q1,Philippines,PHP,0.0285318772590947,0.062,0.069309883258402,-0.006523879294226959,6.0,0.201794848256215,0.09988339271660159,0.386160788880035,0.536160788880035,0.02552,world_bank_api
2017-04-01,2017,2017Q2,Philippines,PHP,0.0285318772590947,0.062,0.069309883258402,-0.006523879294226959,6.0,0.201794848256215,0.09988339271660159,0.386160788880035,0.536160788880035,0.02552,world_bank_api
2017-07-01,2017,2017Q3,Philippines,PHP,0.0285318772590947,0.062,0.069309883258402,-0.006523879294226959,6.0,0.201794848256215,0.09988339271660159,0.386160788880035,0.536160788880035,0.02552,world_bank_api
2017-10-01,2017,2017Q4,Philippines,PHP,0.0285318772590947,0.062,0.069309883258402,-0.006523879294226959,6.0,0.201794848256215,0.09988339271660159,0.386160788880035,0.536160788880035,0.02552,world_bank_api
2018-01-01,2018,2018Q1,Philippines,PHP,0.0530934661627707,0.062,0.0634148557153473,-0.025593930631246802,6.0,0.20639990644290301,0.0974765976052018,0.419497929256998,0.569497929256998,0.02338,world_bank_api
2018-04-01,2018,2018Q2,Philippines,PHP,0.0530934661627707,0.062,0.0634148557153473,-0.025593930631246802,6.0,0.20639990644290301,0.0974765976052018,0.419497929256998,0.569497929256998,0.02338,world_bank_api
2018-07-01,2018,2018Q3,Philippines,PHP,0.0530934661627707,0.062,0.0634148557153473,-0.025593930631246802,6.0,0.20639990644290301,0.0974765976052018,0.419497929256998,0.569497929256998,0.02338,world_bank_api
2018-10-01,2018,2018Q4,Philippines,PHP,0.0530934661627707,0.062,0.0634148557153473,-0.025593930631246802,6.0,0.20639990644290301,0.0974765976052018,0.419497929256998,0.569497929256998,0.02338,world_bank_api
2019-01-01,2019,2019Q1,Philippines,PHP,0.0239206534422404,0.062,0.0611852566221303,-0.00808557862529766,6.0,0.20351684211764598,0.0933261353281524,0.404589222469285,0.554589222469285,0.02237,world_bank_api
2019-04-01,2019,2019Q2,Philippines,PHP,0.0239206534422404,0.062,0.0611852566221303,-0.00808557862529766,6.0,0.20351684211764598,0.0933261353281524,0.404589222469285,0.554589222469285,0.02237,world_bank_api
2019-07-01,2019,2019Q3,Philippines,PHP,0.0239206534422404,0.062,0.0611852566221303,-0.00808557862529766,6.0,0.20351684211764598,0.0933261353281524,0.404589222469285,0.554589222469285,0.02237,world_bank_api
2019-10-01,2019,2019Q4,Philippines,PHP,0.0239206534422404,0.062,0.0611852566221303,-0.00808557862529766,6.0,0.20351684211764598,0.0933261353281524,0.404589222469285,0.554589222469285,0.02237,world_bank_api
2020-01-01,2020,2020Q1,Philippines,PHP,0.023931623931624003,0.062,-0.09518294740452969,0.0320065009232564,6.0,0.253116389229833,0.09642773765520779,0.32966720992025,0.47966720992025,0.02522,world_bank_api
2020-04-01,2020,2020Q2,Philippines,PHP,0.023931623931624003,0.062,-0.09518294740452969,0.0320065009232564,6.0,0.253116389229833,0.09642773765520779,0.32966720992025,0.47966720992025,0.02522,world_bank_api
2020-07-01,2020,2020Q3,Philippines,PHP,0.023931623931624003,0.062,-0.09518294740452969,0.0320065009232564,6.0,0.253116389229833,0.09642773765520779,0.32966720992025,0.47966720992025,0.02522,world_bank_api
2020-10-01,2020,2020Q4,Philippines,PHP,0.023931623931624003,0.062,-0.09518294740452969,0.0320065009232564,6.0,0.253116389229833,0.09642773765520779,0.32966720992025,0.47966720992025,0.02522,world_bank_api
2021-01-01,2021,2021Q1,Philippines,PHP,0.0392718022100332,0.062,0.0571473313185116,-0.0150797765976295,6.0,0.26130395198747697,0.0930892916286057,0.377325748976525,0.527325748976525,0.03398,world_bank_api
2021-04-01,2021,2021Q2,Philippines,PHP,0.0392718022100332,0.062,0.0571473313185116,-0.0150797765976295,6.0,0.26130395198747697,0.0930892916286057,0.377325748976525,0.527325748976525,0.03398,world_bank_api
2021-07-01,2021,2021Q3,Philippines,PHP,0.0392718022100332,0.062,0.0571473313185116,-0.0150797765976295,6.0,0.26130395198747697,0.0930892916286057,0.377325748976525,0.527325748976525,0.03398,world_bank_api
2021-10-01,2021,2021Q4,Philippines,PHP,0.0392718022100332,0.062,0.0571473313185116,-0.0150797765976295,6.0,0.26130395198747697,0.0930892916286057,0.377325748976525,0.527325748976525,0.03398,world_bank_api
2022-01-01,2022,2022Q1,Philippines,PHP,0.058211581121395496,0.062,0.0758098212785563,-0.0451605763317132,6.0,0.25875290276635,0.0940977059288243,0.44042282064966004,0.59042282064966,0.02598,world_bank_api
2022-04-01,2022,2022Q2,Philippines,PHP,0.058211581121395496,0.062,0.0758098212785563,-0.0451605763317132,6.0,0.25875290276635,0.0940977059288243,0.44042282064966004,0.59042282064966,0.02598,world_bank_api
2022-07-01,2022,2022Q3,Philippines,PHP,0.058211581121395496,0.062,0.0758098212785563,-0.0451605763317132,6.0,0.25875290276635,0.0940977059288243,0.44042282064966004,0.59042282064966,0.02598,world_bank_api
2022-10-01,2022,2022Q4,Philippines,PHP,0.058211581121395496,0.062,0.0758098212785563,-0.0451605763317132,6.0,0.25875290276635,0.0940977059288243,0.44042282064966004,0.59042282064966,0.02598,world_bank_api
2023-01-01,2023,2023Q1,Philippines,PHP,0.0597802515541409,0.062,0.0551894967862863,-0.0283412113848662,6.0,0.256668725797068,0.089455180769963,0.407831199703412,0.557831199703412,0.022000000000000002,world_bank_api
2023-04-01,2023,2023Q2,Philippines,PHP,0.0597802515541409,0.062,0.0551894967862863,-0.0283412113848662,6.0,0.256668725797068,0.089455180769963,0.407831199703412,0.557831199703412,0.022000000000000002,world_bank_api
2023-07-01,2023,2023Q3,Philippines,PHP,0.0597802515541409,0.062,0.0551894967862863,-0.0283412113848662,6.0,0.256668725797068,0.089455180769963,0.407831199703412,0.557831199703412,0.022000000000000002,world_bank_api
2023-10-01,2023,2023Q4,Philippines,PHP,0.0597802515541409,0.062,0.0551894967862863,-0.0283412113848662,6.0,0.256668725797068,0.089455180769963,0.407831199703412,0.557831199703412,0.022000000000000002,world_bank_api
2024-01-01,2024,2024Q1,Philippines,PHP,0.0321260487006347,0.062,0.0569201612823412,-0.0402174631560296,6.0,0.262604550502335,0.0872571015588724,0.401120313737041,0.551120313737041,0.022019999999999998,world_bank_api
2024-04-01,2024,2024Q2,Philippines,PHP,0.0321260487006347,0.062,0.0569201612823412,-0.0402174631560296,6.0,0.262604550502335,0.0872571015588724,0.401120313737041,0.551120313737041,0.022019999999999998,world_bank_api
2024-07-01,2024,2024Q3,Philippines,PHP,0.0321260487006347,0.062,0.0569201612823412,-0.0402174631560296,6.0,0.262604550502335,0.0872571015588724,0.401120313737041,0.551120313737041,0.022019999999999998,world_bank_api
2024-10-01,2024,2024Q4,Philippines,PHP,0.0321260487006347,0.062,0.0569201612823412,-0.0402174631560296,6.0,0.262604550502335,0.0872571015588724,0.401120313737041,0.551120313737041,0.022019999999999998,world_bank_api
2025-01-01,2025,2025Q1,Philippines,PHP,,0.062,,,6.0,,,,0.55,0.02235,world_bank_api
2025-04-01,2025,2025Q2,Philippines,PHP,,0.062,,,6.0,,,,0.55,0.02235,world_bank_api
2025-07-01,2025,2025Q3,Philippines,PHP,,0.062,,,6.0,,,,0.55,0.02235,world_bank_api
2025-10-01,2025,2025Q4,Philippines,PHP,,0.062,,,6.0,,,,0.55,0.02235,world_bank_api
2015-01-01,2015,2015Q1,United Arab Emirates,AED,0.0406996608361593,0.055,0.0708767348587587,,,,,0.7042363964539391,0.8542363964539391,0.017929999999999998,world_bank_api
2015-04-01,2015,2015Q2,United Arab Emirates,AED,0.0406996608361593,0.055,0.0708767348587587,,,,,0.7042363964539391,0.8542363964539391,0.017929999999999998,world_bank_api
2015-07-01,2015,2015Q3,United Arab Emirates,AED,0.0406996608361593,0.055,0.0708767348587587,,,,,0.7042363964539391,0.8542363964539391,0.017929999999999998,world_bank_api
2015-10-01,2015,2015Q4,United Arab Emirates,AED,0.0406996608361593,0.055,0.0708767348587587,,,,,0.7042363964539391,0.8542363964539391,0.017929999999999998,world_bank_api
2016-01-01,2016,2016Q1,United Arab Emirates,AED,0.0161748808904197,0.055,0.056579332922430295,,,,,0.709202657048941,0.859202657048941,0.016399999999999998,world_bank_api
2016-04-01,2016,2016Q2,United Arab Emirates,AED,0.0161748808904197,0.055,0.056579332922430295,,,,,0.709202657048941,0.859202657048941,0.016399999999999998,world_bank_api
2016-07-01,2016,2016Q3,United Arab Emirates,AED,0.0161748808904197,0.055,0.056579332922430295,,,,,0.709202657048941,0.859202657048941,0.016399999999999998,world_bank_api
2016-10-01,2016,2016Q4,United Arab Emirates,AED,0.0161748808904197,0.055,0.056579332922430295,,,,,0.709202657048941,0.859202657048941,0.016399999999999998,world_bank_api
2017-01-01,2017,2017Q1,United Arab Emirates,AED,0.019668255781884202,0.055,-0.010613766146497701,,,,,0.7073914610782811,0.8573914610782811,0.024620000000000003,world_bank_api
2017-04-01,2017,2017Q2,United Arab Emirates,AED,0.019668255781884202,0.055,-0.010613766146497701,,,,,0.7073914610782811,0.8573914610782811,0.024620000000000003,world_bank_api
2017-07-01,2017,2017Q3,United Arab Emirates,AED,0.019668255781884202,0.055,-0.010613766146497701,,,,,0.7073914610782811,0.8573914610782811,0.024620000000000003,world_bank_api
2017-10-01,2017,2017Q4,United Arab Emirates,AED,0.019668255781884202,0.055,-0.010613766146497701,,,,,0.7073914610782811,0.8573914610782811,0.024620000000000003,world_bank_api
2018-01-01,2018,2018Q1,United Arab Emirates,AED,0.030686337925199602,0.055,0.015371668317351601,,,,,0.639040468937061,0.789040468937061,0.02236,world_bank_api
2018-04-01,2018,2018Q2,United Arab Emirates,AED,0.030686337925199602,0.055,0.015371668317351601,,,,,0.639040468937061,0.789040468937061,0.02236,world_bank_api
2018-07-01,2018,2018Q3,United Arab Emirates,AED,0.030686337925199602,0.055,0.015371668317351601,,,,,0.639040468937061,0.789040468937061,0.02236,world_bank_api
2018-10-01,2018,2018Q4,United Arab Emirates,AED,0.030686337925199602,0.055,0.015371668317351601,,,,,0.639040468937061,0.789040468937061,0.02236,world_bank_api
2019-01-01,2019,2019Q1,United Arab Emirates,AED,-0.0193108114782172,0.055,0.012713424076114099,,,,,0.705198438247132,0.855198438247132,0.02331,world_bank_api
2019-04-01,2019,2019Q2,United Arab Emirates,AED,-0.0193108114782172,0.055,0.012713424076114099,,,,,0.705198438247132,0.855198438247132,0.02331,world_bank_api
2019-07-01,2019,2019Q3,United Arab Emirates,AED,-0.0193108114782172,0.055,0.012713424076114099,,,,,0.705198438247132,0.855198438247132,0.02331,world_bank_api
2019-10-01,2019,2019Q4,United Arab Emirates,AED,-0.0193108114782172,0.055,0.012713424076114099,,,,,0.705198438247132,0.855198438247132,0.02331,world_bank_api
2020-01-01,2020,2020Q1,United Arab Emirates,AED,-0.020794031794094302,0.055,-0.08693426178851711,,,,,0.832194206348057,0.982194206348057,0.04294,world_bank_api
2020-04-01,2020,2020Q2,United Arab Emirates,AED,-0.020794031794094302,0.055,-0.08693426178851711,,,,,0.832194206348057,0.982194206348057,0.04294,world_bank_api
2020-07-01,2020,2020Q3,United Arab Emirates,AED,-0.020794031794094302,0.055,-0.08693426178851711,,,,,0.832194206348057,0.982194206348057,0.04294,world_bank_api
2020-10-01,2020,2020Q4,United Arab Emirates,AED,-0.020794031794094302,0.055,-0.08693426178851711,,,,,0.832194206348057,0.982194206348057,0.04294,world_bank_api
2021-01-01,2021,2021Q1,United Arab Emirates,AED,0.00179935336174431,0.055,0.0455278571242283,,,,,0.8226678079896039,0.972667807989604,0.03105,world_bank_api
2021-04-01,2021,2021Q2,United Arab Emirates,AED,0.00179935336174431,0.055,0.0455278571242283,,,,,0.8226678079896039,0.972667807989604,0.03105,world_bank_api
2021-07-01,2021,2021Q3,United Arab Emirates,AED,0.00179935336174431,0.055,0.0455278571242283,,,,,0.8226678079896039,0.972667807989604,0.03105,world_bank_api
2021-10-01,2021,2021Q4,United Arab Emirates,AED,0.00179935336174431,0.055,0.0455278571242283,,,,,0.8226678079896039,0.972667807989604,0.03105,world_bank_api
2022-01-01,2022,2022Q1,United Arab Emirates,AED,0.052912260437684905,0.055,0.0751448425801082,,,,,0.8368967200868521,0.9868967200868521,0.02872,world_bank_api
2022-04-01,2022,2022Q2,United Arab Emirates,AED,0.052912260437684905,0.055,0.0751448425801082,,,,,0.8368967200868521,0.9868967200868521,0.02872,world_bank_api
2022-07-01,2022,2022Q3,United Arab Emirates,AED,0.052912260437684905,0.055,0.0751448425801082,,,,,0.8368967200868521,0.9868967200868521,0.02872,world_bank_api
2022-10-01,2022,2022Q4,United Arab Emirates,AED,0.052912260437684905,0.055,0.0751448425801082,,,,,0.8368967200868521,0.9868967200868521,0.02872,world_bank_api
2023-01-01,2023,2023Q1,United Arab Emirates,AED,0.0162670837213248,0.055,0.0430118228020602,0.131295816769393,,,0.00359500450678101,0.921988402202852,1.071988402202852,0.021509999999999998,world_bank_api
2023-04-01,2023,2023Q2,United Arab Emirates,AED,0.0162670837213248,0.055,0.0430118228020602,0.131295816769393,,,0.00359500450678101,0.921988402202852,1.071988402202852,0.021509999999999998,world_bank_api
2023-07-01,2023,2023Q3,United Arab Emirates,AED,0.0162670837213248,0.055,0.0430118228020602,0.131295816769393,,,0.00359500450678101,0.921988402202852,1.071988402202852,0.021509999999999998,world_bank_api
2023-10-01,2023,2023Q4,United Arab Emirates,AED,0.0162670837213248,0.055,0.0430118228020602,0.131295816769393,,,0.00359500450678101,0.921988402202852,1.071988402202852,0.021509999999999998,world_bank_api
2024-01-01,2024,2024Q1,United Arab Emirates,AED,0.0166336510224894,0.055,0.039918070548539804,0.144792998270076,,,0.00325377524202418,,0.55,0.0216,world_bank_api
2024-04-01,2024,2024Q2,United Arab Emirates,AED,0.0166336510224894,0.055,0.039918070548539804,0.144792998270076,,,0.00325377524202418,,0.55,0.0216,world_bank_api
2024-07-01,2024,2024Q3,United Arab Emirates,AED,0.0166336510224894,0.055,0.039918070548539804,0.144792998270076,,,0.00325377524202418,,0.55,0.0216,world_bank_api
2024-10-01,2024,2024Q4,United Arab Emirates,AED,0.0166336510224894,0.055,0.039918070548539804,0.144792998270076,,,0.00325377524202418,,0.55,0.0216,world_bank_api
2025-01-01,2025,2025Q1,United Arab Emirates,AED,,0.055,,,,,,,0.55,0.02174,world_bank_api
2025-04-01,2025,2025Q2,United Arab Emirates,AED,,0.055,,,,,,,0.55,0.02174,world_bank_api
2025-07-01,2025,2025Q3,United Arab Emirates,AED,,0.055,,,,,,,0.55,0.02174,world_bank_api
2025-10-01,2025,2025Q4,United Arab Emirates,AED,,0.055,,,,,,,0.55,0.02174,world_bank_api
2015-01-01,2015,2015Q1,United Kingdom,GBP,0.0036804684232536,,0.021404056003337103,-0.0491700489264854,,,0.0016986106885935,0.292459709877926,0.44245970987792604,0.05551999999999999,world_bank_api
2015-04-01,2015,2015Q2,United Kingdom,GBP,0.0036804684232536,,0.021404056003337103,-0.0491700489264854,,,0.0016986106885935,0.292459709877926,0.44245970987792604,0.05551999999999999,world_bank_api
2015-07-01,2015,2015Q3,United Kingdom,GBP,0.0036804684232536,,0.021404056003337103,-0.0491700489264854,,,0.0016986106885935,0.292459709877926,0.44245970987792604,0.05551999999999999,world_bank_api
2015-10-01,2015,2015Q4,United Kingdom,GBP,0.0036804684232536,,0.021404056003337103,-0.0491700489264854,,,0.0016986106885935,0.292459709877926,0.44245970987792604,0.05551999999999999,world_bank_api
2016-01-01,2016,2016Q1,United Kingdom,GBP,0.010084173681141,,0.0220652020635357,-0.054628382192787504,,,0.00169287383246449,0.30777975363573096,0.457779753635731,0.049089999999999995,world_bank_api
2016-04-01,2016,2016Q2,United Kingdom,GBP,0.010084173681141,,0.0220652020635357,-0.054628382192787504,,,0.00169287383246449,0.30777975363573096,0.457779753635731,0.049089999999999995,world_bank_api
2016-07-01,2016,2016Q3,United Kingdom,GBP,0.010084173681141,,0.0220652020635357,-0.054628382192787504,,,0.00169287383246449,0.30777975363573096,0.457779753635731,0.049089999999999995,world_bank_api
2016-10-01,2016,2016Q4,United Kingdom,GBP,0.010084173681141,,0.0220652020635357,-0.054628382192787504,,,0.00169287383246449,0.30777975363573096,0.457779753635731,0.049089999999999995,world_bank_api
2017-01-01,2017,2017Q1,United Kingdom,GBP,0.0255775577557747,,0.0302322219840339,-0.0347326460218152,,,0.00159640495913892,0.32216093479851,0.47216093479850996,0.04501,world_bank_api
2017-04-01,2017,2017Q2,United Kingdom,GBP,0.0255775577557747,,0.0302322219840339,-0.0347326460218152,,,0.00159640495913892,0.32216093479851,0.47216093479850996,0.04501,world_bank_api
2017-07-01,2017,2017Q3,United Kingdom,GBP,0.0255775577557747,,0.0302322219840339,-0.0347326460218152,,,0.00159640495913892,0.32216093479851,0.47216093479850996,0.04501,world_bank_api
2017-10-01,2017,2017Q4,United Kingdom,GBP,0.0255775577557747,,0.0302322219840339,-0.0347326460218152,,,0.00159640495913892,0.32216093479851,0.47216093479850996,0.04501,world_bank_api
2018-01-01,2018,2018Q1,United Kingdom,GBP,0.022928399034593802,,0.015513309507878601,-0.0388728858372976,,,0.00151524719547986,0.330552381952321,0.480552381952321,0.041449999999999994,world_bank_api
2018-04-01,2018,2018Q2,United Kingdom,GBP,0.022928399034593802,,0.015513309507878601,-0.0388728858372976,,,0.00151524719547986,0.330552381952321,0.480552381952321,0.041449999999999994,world_bank_api
2018-07-01,2018,2018Q3,United Kingdom,GBP,0.022928399034593802,,0.015513309507878601,-0.0388728858372976,,,0.00151524719547986,0.330552381952321,0.480552381952321,0.041449999999999994,world_bank_api
2018-10-01,2018,2018Q4,United Kingdom,GBP,0.022928399034593802,,0.015513309507878601,-0.0388728858372976,,,0.00151524719547986,0.330552381952321,0.480552381952321,0.041449999999999994,world_bank_api
2019-01-01,2019,2019Q1,United Kingdom,GBP,0.0173810460086513,,0.012562989976082399,-0.0266245642145608,,,0.00146566045988622,0.331007061373899,0.48100706137389904,0.03657,world_bank_api
2019-04-01,2019,2019Q2,United Kingdom,GBP,0.0173810460086513,,0.012562989976082399,-0.0266245642145608,,,0.00146566045988622,0.331007061373899,0.48100706137389904,0.03657,world_bank_api
2019-07-01,2019,2019Q3,United Kingdom,GBP,0.0173810460086513,,0.012562989976082399,-0.0266245642145608,,,0.00146566045988622,0.331007061373899,0.48100706137389904,0.03657,world_bank_api
2019-10-01,2019,2019Q4,United Kingdom,GBP,0.0173810460086513,,0.012562989976082399,-0.0266245642145608,,,0.00146566045988622,0.331007061373899,0.48100706137389904,0.03657,world_bank_api
2020-01-01,2020,2020Q1,United Kingdom,GBP,0.00989486703772491,,-0.10047896637362,-0.0292883387550298,,,0.00119239810240544,0.292112372453782,0.442112372453782,0.04472,world_bank_api
2020-04-01,2020,2020Q2,United Kingdom,GBP,0.00989486703772491,,-0.10047896637362,-0.0292883387550298,,,0.00119239810240544,0.292112372453782,0.442112372453782,0.04472,world_bank_api
2020-07-01,2020,2020Q3,United Kingdom,GBP,0.00989486703772491,,-0.10047896637362,-0.0292883387550298,,,0.00119239810240544,0.292112372453782,0.442112372453782,0.04472,world_bank_api
2020-10-01,2020,2020Q4,United Kingdom,GBP,0.00989486703772491,,-0.10047896637362,-0.0292883387550298,,,0.00119239810240544,0.292112372453782,0.442112372453782,0.04472,world_bank_api
2021-01-01,2021,2021Q1,United Kingdom,GBP,0.025183710961421298,,0.085431118453255,-0.0075283635778401106,,,0.00108356162342484,0.292489791841395,0.44248979184139503,0.048639999999999996,world_bank_api
2021-04-01,2021,2021Q2,United Kingdom,GBP,0.025183710961421298,,0.085431118453255,-0.0075283635778401106,,,0.00108356162342484,0.292489791841395,0.44248979184139503,0.048639999999999996,world_bank_api
2021-07-01,2021,2021Q3,United Kingdom,GBP,0.025183710961421298,,0.085431118453255,-0.0075283635778401106,,,0.00108356162342484,0.292489791841395,0.44248979184139503,0.048639999999999996,world_bank_api
2021-10-01,2021,2021Q4,United Kingdom,GBP,0.025183710961421298,,0.085431118453255,-0.0075283635778401106,,,0.00108356162342484,0.292489791841395,0.44248979184139503,0.048639999999999996,world_bank_api
2022-01-01,2022,2022Q1,United Kingdom,GBP,0.0792204883147902,,0.0514970388522993,-0.0206737101121871,,,0.00124639359449125,0.351369980576912,0.501369980576912,0.03768,world_bank_api
2022-04-01,2022,2022Q2,United Kingdom,GBP,0.0792204883147902,,0.0514970388522993,-0.0206737101121871,,,0.00124639359449125,0.351369980576912,0.501369980576912,0.03768,world_bank_api
2022-07-01,2022,2022Q3,United Kingdom,GBP,0.0792204883147902,,0.0514970388522993,-0.0206737101121871,,,0.00124639359449125,0.351369980576912,0.501369980576912,0.03768,world_bank_api
2022-10-01,2022,2022Q4,United Kingdom,GBP,0.0792204883147902,,0.0514970388522993,-0.0206737101121871,,,0.00124639359449125,0.351369980576912,0.501369980576912,0.03768,world_bank_api
2023-01-01,2023,2023Q1,United Kingdom,GBP,0.0679396706793963,,0.00271650048355255,-0.035767618384287096,,,0.0013115224032166002,0.330801144117865,0.480801144117865,0.04025,world_bank_api
2023-04-01,2023,2023Q2,United Kingdom,GBP,0.0679396706793963,,0.00271650048355255,-0.035767618384287096,,,0.0013115224032166002,0.330801144117865,0.480801144117865,0.04025,world_bank_api
2023-07-01,2023,2023Q3,United Kingdom,GBP,0.0679396706793963,,0.00271650048355255,-0.035767618384287096,,,0.0013115224032166002,0.330801144117865,0.480801144117865,0.04025,world_bank_api
2023-10-01,2023,2023Q4,United Kingdom,GBP,0.0679396706793963,,0.00271650048355255,-0.035767618384287096,,,0.0013115224032166002,0.330801144117865,0.480801144117865,0.04025,world_bank_api
2024-01-01,2024,2024Q1,United Kingdom,GBP,0.032715729463592,,0.011264226705118,-0.0298180220382834,,,0.0013115272749342698,0.31856001686543,0.46856001686543003,0.043609999999999996,world_bank_api
2024-04-01,2024,2024Q2,United Kingdom,GBP,0.032715729463592,,0.011264226705118,-0.0298180220382834,,,0.0013115272749342698,0.31856001686543,0.46856001686543003,0.043609999999999996,world_bank_api
2024-07-01,2024,2024Q3,United Kingdom,GBP,0.032715729463592,,0.011264226705118,-0.0298180220382834,,,0.0013115272749342698,0.31856001686543,0.46856001686543003,0.043609999999999996,world_bank_api
2024-10-01,2024,2024Q4,United Kingdom,GBP,0.032715729463592,,0.011264226705118,-0.0298180220382834,,,0.0013115272749342698,0.31856001686543,0.46856001686543003,0.043609999999999996,world_bank_api
2025-01-01,2025,2025Q1,United Kingdom,GBP,,,,,,,,,0.55,0.04746,world_bank_api
2025-04-01,2025,2025Q2,United Kingdom,GBP,,,,,,,,,0.55,0.04746,world_bank_api
2025-07-01,2025,2025Q3,United Kingdom,GBP,,,,,,,,,0.55,0.04746,world_bank_api
2025-10-01,2025,2025Q4,United Kingdom,GBP,,,,,,,,,0.55,0.04746,world_bank_api
2015-01-01,2015,2015Q1,United States,USD,0.00118627135552451,0.0525,0.0294555045484053,-0.022434721228246,12.0,,0.000361309046802651,0.15351745665684,0.30351745665684,0.0528,world_bank_api
2015-04-01,2015,2015Q2,United States,USD,0.00118627135552451,0.0525,0.0294555045484053,-0.022434721228246,12.0,,0.000361309046802651,0.15351745665684,0.30351745665684,0.0528,world_bank_api
2015-07-01,2015,2015Q3,United States,USD,0.00118627135552451,0.0525,0.0294555045484053,-0.022434721228246,12.0,,0.000361309046802651,0.15351745665684,0.30351745665684,0.0528,world_bank_api
2015-10-01,2015,2015Q4,United States,USD,0.00118627135552451,0.0525,0.0294555045484053,-0.022434721228246,12.0,,0.000361309046802651,0.15351745665684,0.30351745665684,0.0528,world_bank_api
2016-01-01,2016,2016Q1,United States,USD,0.0126158320570536,0.0525,0.0181945147788167,-0.0211937229657855,12.0,,0.000338591199244413,0.146499800035794,0.296499800035794,0.04869,world_bank_api
2016-04-01,2016,2016Q2,United States,USD,0.0126158320570536,0.0525,0.0181945147788167,-0.0211937229657855,12.0,,0.000338591199244413,0.146499800035794,0.296499800035794,0.04869,world_bank_api
2016-07-01,2016,2016Q3,United States,USD,0.0126158320570536,0.0525,0.0181945147788167,-0.0211937229657855,12.0,,0.000338591199244413,0.146499800035794,0.296499800035794,0.04869,world_bank_api
2016-10-01,2016,2016Q4,United States,USD,0.0126158320570536,0.0525,0.0181945147788167,-0.0211937229657855,12.0,,0.000338591199244413,0.146499800035794,0.296499800035794,0.04869,world_bank_api
2017-01-01,2017,2017Q1,United States,USD,0.0213011000365961,0.0525,0.024576222985250702,-0.0188739358215214,12.0,,0.000325865910055647,0.150512827697199,0.300512827697199,0.043550000000000005,world_bank_api
2017-04-01,2017,2017Q2,United States,USD,0.0213011000365961,0.0525,0.024576222985250702,-0.0188739358215214,12.0,,0.000325865910055647,0.150512827697199,0.300512827697199,0.043550000000000005,world_bank_api
2017-07-01,2017,2017Q3,United States,USD,0.0213011000365961,0.0525,0.024576222985250702,-0.0188739358215214,12.0,,0.000325865910055647,0.150512827697199,0.300512827697199,0.043550000000000005,world_bank_api
2017-10-01,2017,2017Q4,United States,USD,0.0213011000365961,0.0525,0.024576222985250702,-0.0188739358215214,12.0,,0.000325865910055647,0.150512827697199,0.300512827697199,0.043550000000000005,world_bank_api
2018-01-01,2018,2018Q1,United States,USD,0.0244258329692817,0.0525,0.0296650506901305,-0.0213796218132331,12.0,,0.000338040258424814,0.15249390056346201,0.30249390056346204,0.03896,world_bank_api
2018-04-01,2018,2018Q2,United States,USD,0.0244258329692817,0.0525,0.0296650506901305,-0.0213796218132331,12.0,,0.000338040258424814,0.15249390056346201,0.30249390056346204,0.03896,world_bank_api
2018-07-01,2018,2018Q3,United States,USD,0.0244258329692817,0.0525,0.0296650506901305,-0.0213796218132331,12.0,,0.000338040258424814,0.15249390056346201,0.30249390056346204,0.03896,world_bank_api
2018-10-01,2018,2018Q4,United States,USD,0.0244258329692817,0.0525,0.0296650506901305,-0.0213796218132331,12.0,,0.000338040258424814,0.15249390056346201,0.30249390056346204,0.03896,world_bank_api
2019-01-01,2019,2019Q1,United States,USD,0.0181221007526021,0.0525,0.0258382533412825,-0.020670805558182802,12.0,,0.000329685602788545,0.145768882704583,0.295768882704583,0.03669,world_bank_api
2019-04-01,2019,2019Q2,United States,USD,0.0181221007526021,0.0525,0.0258382533412825,-0.020670805558182802,12.0,,0.000329685602788545,0.145768882704583,0.295768882704583,0.03669,world_bank_api
2019-07-01,2019,2019Q3,United States,USD,0.0181221007526021,0.0525,0.0258382533412825,-0.020670805558182802,12.0,,0.000329685602788545,0.145768882704583,0.295768882704583,0.03669,world_bank_api
2019-10-01,2019,2019Q4,United States,USD,0.0181221007526021,0.0525,0.0258382533412825,-0.020670805558182802,12.0,,0.000329685602788545,0.145768882704583,0.295768882704583,0.03669,world_bank_api
2020-01-01,2020,2020Q1,United States,USD,0.0123358439630629,0.0525,-0.021630291403616598,-0.0281809426941685,12.0,,0.000324161750844288,0.131874574667002,0.281874574667002,0.08055,world_bank_api
2020-04-01,2020,2020Q2,United States,USD,0.0123358439630629,0.0525,-0.021630291403616598,-0.0281809426941685,12.0,,0.000324161750844288,0.131874574667002,0.281874574667002,0.08055,world_bank_api
2020-07-01,2020,2020Q3,United States,USD,0.0123358439630629,0.0525,-0.021630291403616598,-0.0281809426941685,12.0,,0.000324161750844288,0.131874574667002,0.281874574667002,0.08055,world_bank_api
2020-10-01,2020,2020Q4,United States,USD,0.0123358439630629,0.0525,-0.021630291403616598,-0.0281809426941685,12.0,,0.000324161750844288,0.131874574667002,0.281874574667002,0.08055,world_bank_api
2021-01-01,2021,2021Q1,United States,USD,0.046978588636374205,0.0525,0.0605505293244555,-0.0368274086718403,12.0,,0.000304223696836328,0.146491408906374,0.296491408906374,0.05349,world_bank_api
2021-04-01,2021,2021Q2,United States,USD,0.046978588636374205,0.0525,0.0605505293244555,-0.0368274086718403,12.0,,0.000304223696836328,0.146491408906374,0.296491408906374,0.05349,world_bank_api
2021-07-01,2021,2021Q3,United States,USD,0.046978588636374205,0.0525,0.0605505293244555,-0.0368274086718403,12.0,,0.000304223696836328,0.146491408906374,0.296491408906374,0.05349,world_bank_api
2021-10-01,2021,2021Q4,United States,USD,0.046978588636374205,0.0525,0.0605505293244555,-0.0368274086718403,12.0,,0.000304223696836328,0.146491408906374,0.296491408906374,0.05349,world_bank_api
2022-01-01,2022,2022Q1,United States,USD,0.0800279982052121,0.0525,0.0251237531986017,-0.0387872626619871,12.0,,0.000299279250881351,0.15529535106212,0.30529535106212,0.0365,world_bank_api
2022-04-01,2022,2022Q2,United States,USD,0.0800279982052121,0.0525,0.0251237531986017,-0.0387872626619871,12.0,,0.000299279250881351,0.15529535106212,0.30529535106212,0.0365,world_bank_api
2022-07-01,2022,2022Q3,United States,USD,0.0800279982052121,0.0525,0.0251237531986017,-0.0387872626619871,12.0,,0.000299279250881351,0.15529535106212,0.30529535106212,0.0365,world_bank_api
2022-10-01,2022,2022Q4,United States,USD,0.0800279982052121,0.0525,0.0251237531986017,-0.0387872626619871,12.0,,0.000299279250881351,0.15529535106212,0.30529535106212,0.0365,world_bank_api
2023-01-01,2023,2023Q1,United States,USD,0.0411633838374488,0.0525,0.0288755600749487,-0.0340030482379486,12.0,,0.00030778057427694497,0.141059171480679,0.291059171480679,0.036379999999999996,world_bank_api
2023-04-01,2023,2023Q2,United States,USD,0.0411633838374488,0.0525,0.0288755600749487,-0.0340030482379486,12.0,,0.00030778057427694497,0.141059171480679,0.291059171480679,0.036379999999999996,world_bank_api
2023-07-01,2023,2023Q3,United States,USD,0.0411633838374488,0.0525,0.0288755600749487,-0.0340030482379486,12.0,,0.00030778057427694497,0.141059171480679,0.291059171480679,0.036379999999999996,world_bank_api
2023-10-01,2023,2023Q4,United States,USD,0.0411633838374488,0.0525,0.0288755600749487,-0.0340030482379486,12.0,,0.00030778057427694497,0.141059171480679,0.291059171480679,0.036379999999999996,world_bank_api
2024-01-01,2024,2024Q1,United States,USD,0.0294952520485207,0.0525,0.0279300127716779,-0.0412262463415284,12.0,,0.000303016009637605,0.142711775613413,0.292711775613413,0.040220000000000006,world_bank_api
2024-04-01,2024,2024Q2,United States,USD,0.0294952520485207,0.0525,0.0279300127716779,-0.0412262463415284,12.0,,0.000303016009637605,0.142711775613413,0.292711775613413,0.040220000000000006,world_bank_api
2024-07-01,2024,2024Q3,United States,USD,0.0294952520485207,0.0525,0.0279300127716779,-0.0412262463415284,12.0,,0.000303016009637605,0.142711775613413,0.292711775613413,0.040220000000000006,world_bank_api
2024-10-01,2024,2024Q4,United States,USD,0.0294952520485207,0.0525,0.0279300127716779,-0.0412262463415284,12.0,,0.000303016009637605,0.142711775613413,0.292711775613413,0.040220000000000006,world_bank_api
2025-01-01,2025,2025Q1,United States,USD,,0.0525,,,12.0,,,,0.55,0.04198,world_bank_api
2025-04-01,2025,2025Q2,United States,USD,,0.0525,,,12.0,,,,0.55,0.04198,world_bank_api
2025-07-01,2025,2025Q3,United States,USD,,0.0525,,,12.0,,,,0.55,0.04198,world_bank_api
2025-10-01,2025,2025Q4,United States,USD,,0.0525,,,12.0,,,,0.55,0.04198,world_bank_api
