session_id,start_time,stop_time,duration_minutes,task,git_branch,git_commit_hash_if_available,notes
10ed94e1,2026-05-31T19:53:01.390187+00:00,2026-05-31T19:53:01.537076+00:00,0.0,pytest time tracker test,main,3d77ef33493a6e1a48e9074d29ad61511391ab79,pytest
e87247ce,2026-05-31T19:54:30.656625+00:00,2026-05-31T19:54:30.833049+00:00,0.0,pytest time tracker test,main,3d77ef33493a6e1a48e9074d29ad61511391ab79,pytest
f6baea69,2026-05-31T19:55:13.224166+00:00,2026-05-31T19:55:13.314748+00:00,0.0,pytest time tracker test,main,3d77ef33493a6e1a48e9074d29ad61511391ab79,pytest
f91262c9,2026-05-31T20:31:04.144447+00:00,2026-05-31T20:31:05.971167+00:00,0.03,pytest time tracker test,main,3d77ef33493a6e1a48e9074d29ad61511391ab79,pytest
a5e08431,2026-05-31T20:31:55.212630+00:00,2026-05-31T20:31:56.925356+00:00,0.03,pytest time tracker test,main,3d77ef33493a6e1a48e9074d29ad61511391ab79,pytest
3e527684,2026-05-31T20:32:51.860149+00:00,2026-05-31T20:32:53.929719+00:00,0.03,pytest time tracker test,main,3d77ef33493a6e1a48e9074d29ad61511391ab79,pytest
a7305c9a,2026-05-31T20:32:56.449095+00:00,2026-05-31T20:32:59.234458+00:00,0.05,pytest time tracker test,main,3d77ef33493a6e1a48e9074d29ad61511391ab79,pytest
db0f2e87,2026-05-31T20:33:08.346560+00:00,2026-05-31T20:33:11.033457+00:00,0.04,pytest time tracker test,main,3d77ef33493a6e1a48e9074d29ad61511391ab79,pytest
bfc0d0e5,2026-05-31T20:33:20.031955+00:00,2026-05-31T20:33:21.206935+00:00,0.02,pytest time tracker test,main,3d77ef33493a6e1a48e9074d29ad61511391ab79,pytest
830db89b,2026-05-31T20:33:23.546612+00:00,2026-05-31T20:33:26.425601+00:00,0.05,pytest time tracker test,main,3d77ef33493a6e1a48e9074d29ad61511391ab79,pytest
a89af0c5,2026-05-31T20:33:52.865751+00:00,2026-05-31T20:33:55.705909+00:00,0.05,pytest time tracker test,main,3d77ef33493a6e1a48e9074d29ad61511391ab79,pytest
cb0aa81b,2026-05-31T20:34:43.718676+00:00,2026-05-31T20:34:46.307070+00:00,0.04,pytest time tracker test,main,3d77ef33493a6e1a48e9074d29ad61511391ab79,pytest
c7cf521a,2026-05-31T20:35:13.283325+00:00,2026-05-31T20:35:18.251528+00:00,0.08,pytest time tracker test,main,3d77ef33493a6e1a48e9074d29ad61511391ab79,pytest
d998df73,2026-05-31T20:36:07.647302+00:00,2026-05-31T20:36:10.240449+00:00,0.04,pytest time tracker test,main,3d77ef33493a6e1a48e9074d29ad61511391ab79,pytest
cb646cbe,2026-05-31T20:36:39.086961+00:00,2026-05-31T20:36:41.939667+00:00,0.05,pytest time tracker test,main,3d77ef33493a6e1a48e9074d29ad61511391ab79,pytest
63868d9b,2026-05-31T20:36:58.856053+00:00,2026-05-31T20:37:01.488008+00:00,0.04,pytest time tracker test,main,3d77ef33493a6e1a48e9074d29ad61511391ab79,pytest
d5b516e0,2026-05-31T20:38:37.671834+00:00,2026-05-31T20:38:39.381209+00:00,0.03,pytest time tracker test,main,3d77ef33493a6e1a48e9074d29ad61511391ab79,pytest
a8fef50c,2026-05-31T20:40:04.613327+00:00,2026-05-31T20:40:08.253458+00:00,0.06,pytest time tracker test,main,3d77ef33493a6e1a48e9074d29ad61511391ab79,pytest
5e73d9d1,2026-05-31T20:42:32.469098+00:00,2026-05-31T20:42:33.770597+00:00,0.02,pytest time tracker test,main,3d77ef33493a6e1a48e9074d29ad61511391ab79,pytest
54d235d1,2026-05-31T20:46:48.489354+00:00,2026-05-31T20:46:49.456026+00:00,0.02,pytest time tracker test,main,3d77ef33493a6e1a48e9074d29ad61511391ab79,pytest
ddcebf90,2026-05-31T20:56:29.178247+00:00,2026-05-31T20:56:29.983655+00:00,0.01,pytest time tracker test,main,3d77ef33493a6e1a48e9074d29ad61511391ab79,pytest
f1a10133,2026-05-31T20:56:43.427512+00:00,2026-05-31T20:56:44.041915+00:00,0.01,pytest time tracker test,main,3d77ef33493a6e1a48e9074d29ad61511391ab79,pytest
01b8623b,2026-05-31T20:56:49.528299+00:00,2026-05-31T20:56:49.919869+00:00,0.01,pytest time tracker test,main,3d77ef33493a6e1a48e9074d29ad61511391ab79,pytest
301a89bc,2026-05-31T20:57:05.019672+00:00,2026-05-31T20:57:05.423784+00:00,0.01,pytest time tracker test,main,3d77ef33493a6e1a48e9074d29ad61511391ab79,pytest
3464d98e,2026-05-31T20:57:14.315189+00:00,2026-05-31T20:57:14.692142+00:00,0.01,pytest time tracker test,main,3d77ef33493a6e1a48e9074d29ad61511391ab79,pytest
46912d18,2026-05-31T20:57:38.948113+00:00,2026-05-31T20:57:39.381900+00:00,0.01,pytest time tracker test,main,3d77ef33493a6e1a48e9074d29ad61511391ab79,pytest
0738c3fd,2026-05-31T20:59:44.879249+00:00,2026-05-31T20:59:45.157237+00:00,0.0,pytest time tracker test,main,3d77ef33493a6e1a48e9074d29ad61511391ab79,pytest
f7dab5b8,2026-05-31T21:00:25.397075+00:00,2026-05-31T21:00:25.466772+00:00,0.0,pytest time tracker test,main,3d77ef33493a6e1a48e9074d29ad61511391ab79,pytest
bb280069,2026-05-31T21:00:26.010022+00:00,2026-05-31T21:00:26.080547+00:00,0.0,pytest time tracker test,main,3d77ef33493a6e1a48e9074d29ad61511391ab79,pytest
cdb6367d,2026-06-01T02:45:22.741876+00:00,2026-06-01T02:45:22.810116+00:00,0.0,pytest time tracker test,main,736174d4c86e9d23d96dada9076a4f355e1d65cd,pytest
